feat_id_a	feat_id_b
ZONMW-30__4__0__443__moaE_ZONMW-30	ZONMW-20__10__2483__2937__moaE_ZONMW-20
ZONMW-30__4__1333__2325__moaA_ZONMW-30	ZONMW-20__10__4201__5190__moaA_ZONMW-20
ZONMW-30__4__2325__3491__moeA_ZONMW-30	ZONMW-20__10__0__1232__moeA_ZONMW-20
ZONMW-30__4__4742__5331__mobA_ZONMW-30	ZONMW-20__17__0__584__mobA_ZONMW-20
ZONMW-20__10__0__1232__moeA_ZONMW-20	HI1__1__9146__10345__moeA_HI1
ZONMW-20__10__2483__2937__moaE_ZONMW-20	HI1__1__2452__2895__moaE_HI1
ZONMW-20__10__2937__3182__moaD_ZONMW-20	HI1__1__6181__6428__moaD_HI1
ZONMW-20__10__4201__5190__moaA_ZONMW-20	HI1__1__6452__7435__moaA_HI1
ZONMW-20__17__0__584__mobA_ZONMW-20	HI1__1__7469__8071__mobA_HI1
