ofID1	ofID2	genome1	genome2	chr1	chr2	start1	end1	start2	end2	isAnchor	record_type
SimA_region_0001	SimB_region_0001	SimA	SimB	1	1	1011048	2225006	1308035	2619396	TRUE	simulated_interval
SimA_region_0002	SimB_region_0002	SimA	SimB	1	1	4635630	6248654	4789880	6530491	TRUE	simulated_interval
SimA_region_0003	SimB_region_0003	SimA	SimB	1	1	9259801	11278214	9351274	11528000	TRUE	simulated_interval
SimA_region_0004	SimB_region_0004	SimA	SimB	1	3	12880605	14295950	11658740	12898566	TRUE	simulated_interval
SimA_region_0005	SimB_region_0005	SimA	SimB	1	1	16905165	18319597	18477735	20002038	TRUE	simulated_interval
SimA_region_0006	SimB_region_0006	SimA	SimB	1	1	21335087	23349157	22389911	24564981	TRUE	simulated_interval
SimA_region_0007	SimB_region_0007	SimA	SimB	1	1	24753788	26165711	27382055	28910642	TRUE	simulated_interval
SimA_region_0008	SimB_region_0008	SimA	SimB	1	1	28976933	29988176	31293208	32387170	TRUE	simulated_interval
SimA_region_0009	SimB_region_0009	SimA	SimB	2	2	553810	1652830	1191323	2374868	TRUE	simulated_interval
SimA_region_0010	SimB_region_0010	SimA	SimB	2	2	4564319	5481434	5124538	6116075	TRUE	simulated_interval
SimA_region_0011	SimB_region_0011	SimA	SimB	2	4	7663296	8763094	6880412	7819547	TRUE	simulated_interval
SimA_region_0012	SimB_region_0012	SimA	SimB	2	2	11674213	12591698	13004897	13992302	TRUE	simulated_interval
SimA_region_0013	SimB_region_0013	SimA	SimB	2	2	14955754	16055673	16942207	18127321	TRUE	simulated_interval
SimA_region_0014	SimB_region_0014	SimA	SimB	2	2	19147448	20795849	20091344	21868528	TRUE	simulated_interval
SimA_region_0015	SimB_region_0015	SimA	SimB	2	2	22250532	23165937	24030249	25019019	TRUE	simulated_interval
SimA_region_0016	SimB_region_0016	SimA	SimB	2	2	26257446	27176855	28161847	29154038	TRUE	simulated_interval
SimA_region_0017	SimB_region_0017	SimA	SimB	3	3	661675	1973358	361061	1777283	TRUE	simulated_interval
SimA_region_0018	SimB_region_0018	SimA	SimB	3	5	4253961	5896075	3571658	5001811	TRUE	simulated_interval
SimA_region_0019	SimB_region_0019	SimA	SimB	3	3	7363788	8511220	8130110	9368000	TRUE	simulated_interval
SimA_region_0020	SimB_region_0020	SimA	SimB	3	3	10630237	12270491	11658740	13428151	TRUE	simulated_interval
SimA_region_0021	SimB_region_0021	SimA	SimB	3	3	13571020	15049082	14481509	16076075	TRUE	simulated_interval
SimA_region_0022	SimB_region_0022	SimA	SimB	3	3	16841879	18318013	18717013	20312755	TRUE	simulated_interval
SimA_region_0023	SimB_region_0023	SimA	SimB	3	3	19950120	20933157	21897819	22960679	TRUE	simulated_interval
SimA_region_0024	SimB_region_0024	SimA	SimB	3	5	23541891	24528981	20681984	21539472	TRUE	simulated_interval
SimA_region_0025	SimB_region_0025	SimA	SimB	4	6	440977	1746943	18836514	20004075	TRUE	simulated_interval
SimA_region_0026	SimB_region_0026	SimA	SimB	4	4	3479820	4638516	19684191	20936226	TRUE	simulated_interval
SimA_region_0027	SimB_region_0027	SimA	SimB	4	4	6659245	7385509	15936849	16720151	TRUE	simulated_interval
SimA_region_0028	SimB_region_0028	SimA	SimB	4	4	9261010	10277082	13281613	14377887	TRUE	simulated_interval
SimA_region_0029	SimB_region_0029	SimA	SimB	4	4	11864136	13168654	9999120	11411019	TRUE	simulated_interval
SimA_region_0030	SimB_region_0030	SimA	SimB	4	4	15333774	16783119	6719842	8288000	TRUE	simulated_interval
SimA_region_0031	SimB_region_0031	SimA	SimB	4	6	17937044	18662642	3100161	3752453	TRUE	simulated_interval
SimA_region_0032	SimB_region_0032	SimA	SimB	4	4	21113736	21987950	318635	1261208	TRUE	simulated_interval
SimA_region_0033	SimB_region_0033	SimA	SimB	5	5	533153	1860000	577682	2007925	TRUE	simulated_interval
SimA_region_0034	SimB_region_0034	SimA	SimB	5	5	3041612	4236000	3711010	5001811	TRUE	simulated_interval
SimA_region_0035	SimB_region_0035	SimA	SimB	5	5	5553099	6348000	6281155	7140302	TRUE	simulated_interval
SimA_region_0036	SimB_region_0036	SimA	SimB	5	5	8194228	9516000	9276724	10704453	TRUE	simulated_interval
SimA_region_0037	SimB_region_0037	SimA	SimB	5	5	11095858	12024000	12123379	13128075	TRUE	simulated_interval
SimA_region_0038	SimB_region_0038	SimA	SimB	5	7	13998837	15060000	12239113	13167170	TRUE	simulated_interval
SimA_region_0039	SimB_region_0039	SimA	SimB	5	5	16241872	17040000	17401361	18260453	TRUE	simulated_interval
SimA_region_0040	SimB_region_0040	SimA	SimB	5	5	18881582	19944000	20254245	21396906	TRUE	simulated_interval
SimA_region_0041	SimB_region_0041	SimA	SimB	6	6	364603	1564478	523988	1817736	TRUE	simulated_interval
SimA_region_0042	SimB_region_0042	SimA	SimB	6	6	3109786	4072327	2843694	3881434	TRUE	simulated_interval
SimA_region_0043	SimB_region_0043	SimA	SimB	6	6	5259996	6460755	5812010	7105962	TRUE	simulated_interval
SimA_region_0044	SimB_region_0044	SimA	SimB	6	6	7651212	8610340	8136207	9169660	TRUE	simulated_interval
SimA_region_0045	SimB_region_0045	SimA	SimB	6	8	9800976	10879346	8762774	9684075	TRUE	simulated_interval
SimA_region_0046	SimB_region_0046	SimA	SimB	6	6	12548261	13148352	13166436	13812981	TRUE	simulated_interval
SimA_region_0047	SimB_region_0047	SimA	SimB	6	6	15056827	16133887	16003083	17166491	TRUE	simulated_interval
SimA_region_0048	SimB_region_0048	SimA	SimB	6	6	16967055	18044629	18449795	19617132	TRUE	simulated_interval
SimA_region_0049	SimB_region_0049	SimA	SimB	7	7	326593	1294113	586029	1627547	TRUE	simulated_interval
SimA_region_0050	SimB_region_0050	SimA	SimB	7	7	2569711	3110440	2545886	3127698	TRUE	simulated_interval
SimA_region_0051	SimB_region_0051	SimA	SimB	7	7	4816188	5674667	4855616	5781811	TRUE	simulated_interval
SimA_region_0052	SimB_region_0052	SimA	SimB	7	1	6633339	7704679	13693523	15873660	TRUE	simulated_interval
SimA_region_0053	SimB_region_0053	SimA	SimB	7	7	8876958	9841535	9815878	10859245	TRUE	simulated_interval
SimA_region_0054	SimB_region_0054	SimA	SimB	7	7	10902078	11657862	12125531	12936377	TRUE	simulated_interval
SimA_region_0055	SimB_region_0055	SimA	SimB	7	7	13256818	14328931	14430372	15590491	TRUE	simulated_interval
SimA_region_0056	SimB_region_0056	SimA	SimB	7	7	15608463	16145258	16396415	16975245	TRUE	simulated_interval
SimA_region_0057	SimB_region_0057	SimA	SimB	8	8	386630	1143170	516716	1335547	TRUE	simulated_interval
SimA_region_0058	SimB_region_0058	SimA	SimB	8	8	2270247	2745660	2552367	3066340	TRUE	simulated_interval
SimA_region_0059	SimB_region_0059	SimA	SimB	8	2	3969428	4630943	8473639	9857283	TRUE	simulated_interval
SimA_region_0060	SimB_region_0060	SimA	SimB	8	8	6042446	6610491	6420035	7036981	TRUE	simulated_interval
SimA_region_0061	SimB_region_0061	SimA	SimB	8	8	7924418	8590038	8659372	9378642	TRUE	simulated_interval
SimA_region_0062	SimB_region_0062	SimA	SimB	8	8	9621328	10192528	10797668	11414868	TRUE	simulated_interval
SimA_region_0063	SimB_region_0063	SimA	SimB	8	8	11886740	12737660	12530313	13451094	TRUE	simulated_interval
SimA_region_0064	SimB_region_0064	SimA	SimB	8	8	13394356	14151623	14566541	15385509	TRUE	simulated_interval
SimA_region_0065	SimC_region_0065	SimA	SimC	1	1	1214529	3230918	953206	2848604	TRUE	simulated_interval
SimA_region_0066	SimC_region_0066	SimA	SimC	1	1	5035134	7053384	4737877	6630742	TRUE	simulated_interval
SimA_region_0067	SimC_region_0067	SimA	SimC	1	3	9259801	11077031	6767325	8154667	TRUE	simulated_interval
SimA_region_0068	SimC_region_0068	SimA	SimC	1	1	13286617	14698314	12112806	13438591	TRUE	simulated_interval
SimA_region_0069	SimC_region_0069	SimA	SimC	1	1	16702293	17917233	15514029	16653409	TRUE	simulated_interval
SimA_region_0070	SimC_region_0070	SimA	SimC	1	1	21131556	22343245	19294502	20435547	TRUE	simulated_interval
SimA_region_0071	SimC_region_0071	SimA	SimC	1	1	25356219	27372805	23646862	25541434	TRUE	simulated_interval
SimA_region_0072	SimC_region_0072	SimA	SimC	1	1	28778926	30591723	27238584	28945358	TRUE	simulated_interval
SimA_region_0073	SimC_region_0073	SimA	SimC	2	2	915878	2564403	692788	2239824	TRUE	simulated_interval
SimA_region_0074	SimC_region_0074	SimA	SimC	2	4	4564319	5663748	2998480	3817182	TRUE	simulated_interval
SimA_region_0075	SimC_region_0075	SimA	SimC	2	2	8213206	10039296	7545264	9266038	TRUE	simulated_interval
SimA_region_0076	SimC_region_0076	SimA	SimC	2	2	11674213	12956327	10805351	12007975	TRUE	simulated_interval
SimA_region_0077	SimC_region_0077	SimA	SimC	2	2	15504866	17331874	14401606	16120881	TRUE	simulated_interval
SimA_region_0078	SimC_region_0078	SimA	SimC	2	2	18603602	20066591	17658783	19034189	TRUE	simulated_interval
SimA_region_0079	SimC_region_0079	SimA	SimC	2	2	22796111	24077509	21254117	22461610	TRUE	simulated_interval
SimA_region_0080	SimC_region_0080	SimA	SimC	2	4	26257446	27723799	19710839	20804604	TRUE	simulated_interval
SimA_region_0081	SimC_region_0081	SimA	SimC	3	5	824256	1809912	18121052	18871472	TRUE	simulated_interval
SimA_region_0082	SimC_region_0082	SimA	SimC	3	3	4093061	4915396	19365506	20138214	TRUE	simulated_interval
SimA_region_0083	SimC_region_0083	SimA	SimC	3	3	6869979	8347774	15675687	17065509	TRUE	simulated_interval
SimA_region_0084	SimC_region_0084	SimA	SimC	3	3	10794806	11616704	12760309	13531899	TRUE	simulated_interval
SimA_region_0085	SimC_region_0085	SimA	SimC	3	3	14064410	15539421	10149412	11534642	TRUE	simulated_interval
SimA_region_0086	SimC_region_0086	SimA	SimC	3	3	17168032	17991119	6611893	7386491	TRUE	simulated_interval
SimA_region_0087	SimC_region_0087	SimA	SimC	3	5	20272657	21913836	2862771	4106491	TRUE	simulated_interval
SimA_region_0088	SimC_region_0088	SimA	SimC	3	3	23707939	25019321	620305	1855623	TRUE	simulated_interval
SimA_region_0089	SimC_region_0089	SimA	SimC	4	4	294810	1313208	414623	1370994	TRUE	simulated_interval
SimA_region_0090	SimC_region_0090	SimA	SimC	4	4	3619063	4493937	3270209	4088981	TRUE	simulated_interval
SimA_region_0091	SimC_region_0091	SimA	SimC	4	4	6225084	7385509	5715234	6806969	TRUE	simulated_interval
SimA_region_0092	SimC_region_0092	SimA	SimC	4	4	9549737	10421660	8431474	9253157	TRUE	simulated_interval
SimA_region_0093	SimC_region_0093	SimA	SimC	4	4	11864136	12734918	11284370	12107044	TRUE	simulated_interval
SimA_region_0094	SimC_region_0094	SimA	SimC	4	6	14756662	15915648	11458767	12359673	TRUE	simulated_interval
SimA_region_0095	SimC_region_0095	SimA	SimC	4	4	18077769	18807220	16855694	17543019	TRUE	simulated_interval
SimA_region_0096	SimC_region_0096	SimA	SimC	4	4	20968254	22132528	19443819	20532805	TRUE	simulated_interval
SimA_region_0097	SimC_region_0097	SimA	SimC	5	5	270346	1332000	256445	1252755	TRUE	simulated_interval
SimA_region_0098	SimC_region_0098	SimA	SimC	5	5	3304542	3972000	3236456	3858340	TRUE	simulated_interval
SimA_region_0099	SimC_region_0099	SimA	SimC	5	5	6079593	6744000	5590965	6215774	TRUE	simulated_interval
SimA_region_0100	SimC_region_0100	SimA	SimC	5	5	8584350	9516000	7824577	8697283	TRUE	simulated_interval
SimA_region_0101	SimC_region_0101	SimA	SimC	5	7	10832868	12156000	8644680	9653057	TRUE	simulated_interval
SimA_region_0102	SimC_region_0102	SimA	SimC	5	5	13471644	14664000	13159870	14280679	TRUE	simulated_interval
SimA_region_0103	SimC_region_0103	SimA	SimC	5	5	16241872	17040000	15390744	16141811	TRUE	simulated_interval
SimA_region_0104	SimC_region_0104	SimA	SimC	5	5	19149066	19944000	17625956	18375170	TRUE	simulated_interval
SimA_region_0105	SimC_region_0105	SimA	SimC	6	6	364603	1564478	456122	1583522	TRUE	simulated_interval
SimA_region_0106	SimC_region_0106	SimA	SimC	6	6	3109786	3833484	2927742	3604050	TRUE	simulated_interval
SimA_region_0107	SimC_region_0107	SimA	SimC	6	6	5379852	6221912	4834270	5624579	TRUE	simulated_interval
SimA_region_0108	SimC_region_0108	SimA	SimC	6	8	7767588	8490918	5677209	6214264	TRUE	simulated_interval
SimA_region_0109	SimC_region_0109	SimA	SimC	6	6	10275044	10998767	9209216	9890138	TRUE	simulated_interval
SimA_region_0110	SimC_region_0110	SimA	SimC	6	6	12548261	13745459	11458767	12584176	TRUE	simulated_interval
SimA_region_0111	SimC_region_0111	SimA	SimC	6	6	14818344	15417358	13700226	14267950	TRUE	simulated_interval
SimA_region_0112	SimC_region_0112	SimA	SimC	6	6	17326249	17925208	16061705	16625233	TRUE	simulated_interval
SimA_region_0113	SimC_region_0113	SimA	SimC	7	7	651149	1400956	612539	1317560	TRUE	simulated_interval
SimA_region_0114	SimC_region_0114	SimA	SimC	7	7	2679387	3751497	2316057	3326113	TRUE	simulated_interval
SimA_region_0115	SimC_region_0115	SimA	SimC	7	1	4598512	5247296	8708080	9845560	TRUE	simulated_interval
SimA_region_0116	SimC_region_0116	SimA	SimC	7	7	6952847	7704679	6533236	7242792	TRUE	simulated_interval
SimA_region_0117	SimC_region_0117	SimA	SimC	7	7	9197768	10055220	8644680	9452201	TRUE	simulated_interval
SimA_region_0118	SimC_region_0118	SimA	SimC	7	7	11334507	12405761	10550759	11561182	TRUE	simulated_interval
SimA_region_0119	SimC_region_0119	SimA	SimC	7	7	13150116	13901560	12460267	13168025	TRUE	simulated_interval
SimA_region_0120	SimC_region_0120	SimA	SimC	7	7	15499010	16252101	14569684	15277006	TRUE	simulated_interval
SimA_region_0121	SimC_region_0121	SimA	SimC	8	8	288022	1048906	12945675	13656981	TRUE	simulated_interval
SimA_region_0122	SimC_region_0122	SimA	SimC	8	2	2364860	3311245	21088392	22804352	TRUE	simulated_interval
SimA_region_0123	SimC_region_0123	SimA	SimC	8	8	4062993	4913736	9135344	9935623	TRUE	simulated_interval
SimA_region_0124	SimC_region_0124	SimA	SimC	8	8	5851216	6704755	7272572	8074943	TRUE	simulated_interval
SimA_region_0125	SimC_region_0125	SimA	SimC	8	8	7834167	8495774	5853646	6480075	TRUE	simulated_interval
SimA_region_0126	SimC_region_0126	SimA	SimC	8	8	9621328	10286792	3903902	4530792	TRUE	simulated_interval
SimA_region_0127	SimC_region_0127	SimA	SimC	8	8	11600917	12549132	2311236	3201736	TRUE	simulated_interval
SimA_region_0128	SimC_region_0128	SimA	SimC	8	2	13489677	14057358	866754	1897082	TRUE	simulated_interval
SimA_region_0129	SimD_region_0129	SimA	SimD	1	1	407836	2426189	467123	2788453	TRUE	simulated_interval
SimA_region_0130	SimD_region_0130	SimA	SimD	1	3	5238460	6852201	4139504	5651245	TRUE	simulated_interval
SimA_region_0131	SimD_region_0131	SimA	SimD	1	1	9063266	10875849	10652435	12737409	TRUE	simulated_interval
SimA_region_0132	SimD_region_0132	SimA	SimD	1	1	13083115	14698314	14814478	16670717	TRUE	simulated_interval
SimA_region_0133	SimD_region_0133	SimA	SimD	1	1	17305712	18520780	19445407	20835396	TRUE	simulated_interval
SimA_region_0134	SimD_region_0134	SimA	SimD	1	1	20527667	21739698	23608612	25000075	TRUE	simulated_interval
SimA_region_0135	SimD_region_0135	SimA	SimD	1	1	24956588	26366893	28927213	30552981	TRUE	simulated_interval
SimA_region_0136	SimD_region_0136	SimA	SimD	1	3	28574607	30591723	27263383	29148101	TRUE	simulated_interval
SimA_region_0137	SimD_region_0137	SimA	SimD	2	4	553810	1835145	23619017	24787233	TRUE	simulated_interval
SimA_region_0138	SimD_region_0138	SimA	SimD	2	2	4199437	5481434	26423376	27898503	TRUE	simulated_interval
SimA_region_0139	SimD_region_0139	SimA	SimD	2	2	7663296	8763094	21392056	22656679	TRUE	simulated_interval
SimA_region_0140	SimD_region_0140	SimA	SimD	2	2	11854638	12774013	17619121	18672893	TRUE	simulated_interval
SimA_region_0141	SimD_region_0141	SimA	SimD	2	2	15137202	16055673	13006458	14060088	TRUE	simulated_interval
SimA_region_0142	SimD_region_0142	SimA	SimD	2	2	18968846	19884277	8810785	9866629	TRUE	simulated_interval
SimA_region_0143	SimD_region_0143	SimA	SimD	2	4	22434929	23530566	3829308	4834025	TRUE	simulated_interval
SimA_region_0144	SimD_region_0144	SimA	SimD	2	2	26257446	27359170	1264559	2528075	TRUE	simulated_interval
SimA_region_0145	SimD_region_0145	SimA	SimD	3	3	989583	2300252	943920	2455673	TRUE	simulated_interval
SimA_region_0146	SimD_region_0146	SimA	SimD	3	3	4093061	5405736	4329293	5839220	TRUE	simulated_interval
SimA_region_0147	SimD_region_0147	SimA	SimD	3	3	7526784	8674667	8652687	9974667	TRUE	simulated_interval
SimA_region_0148	SimD_region_0148	SimA	SimD	3	3	10794806	11616704	11850090	12794289	TRUE	simulated_interval
SimA_region_0149	SimD_region_0149	SimA	SimD	3	3	13734229	15049082	15795302	17305686	TRUE	simulated_interval
SimA_region_0150	SimD_region_0150	SimA	SimD	3	5	17331360	18154566	15643193	16407623	TRUE	simulated_interval
SimA_region_0151	SimD_region_0151	SimA	SimD	3	3	20272657	21096604	23693431	24636704	TRUE	simulated_interval
SimA_region_0152	SimD_region_0152	SimA	SimD	3	3	23707939	25182767	27073507	28772151	TRUE	simulated_interval
SimA_region_0153	SimD_region_0153	SimA	SimD	4	4	294810	1168629	835714	1841044	TRUE	simulated_interval
SimA_region_0154	SimD_region_0154	SimA	SimD	4	4	3765081	5072252	4330898	5831686	TRUE	simulated_interval
SimA_region_0155	SimD_region_0155	SimA	SimD	4	4	6225084	7674667	7157535	8824667	TRUE	simulated_interval
SimA_region_0156	SimD_region_0156	SimA	SimD	4	4	9405550	10710818	10978845	12482755	TRUE	simulated_interval
SimA_region_0157	SimD_region_0157	SimA	SimD	4	6	11864136	12590340	11405650	12098440	TRUE	simulated_interval
SimA_region_0158	SimD_region_0158	SimA	SimD	4	4	14756662	15915648	17631309	18967547	TRUE	simulated_interval
SimA_region_0159	SimD_region_0159	SimA	SimD	4	4	18077769	18951799	20795072	21794252	TRUE	simulated_interval
SimA_region_0160	SimD_region_0160	SimA	SimD	4	4	21113736	22421686	24284019	25784893	TRUE	simulated_interval
SimA_region_0161	SimD_region_0161	SimA	SimD	5	5	533153	1332000	915277	1833736	TRUE	simulated_interval
SimA_region_0162	SimD_region_0162	SimA	SimD	5	5	3041612	4104000	3499409	4718151	TRUE	simulated_interval
SimA_region_0163	SimD_region_0163	SimA	SimD	5	5	6079593	6876000	6532964	7450755	TRUE	simulated_interval
SimA_region_0164	SimD_region_0164	SimA	SimD	5	7	8321164	8988000	8114389	8736516	TRUE	simulated_interval
SimA_region_0165	SimD_region_0165	SimA	SimD	5	5	11095858	11760000	12610595	13371396	TRUE	simulated_interval
SimA_region_0166	SimD_region_0166	SimA	SimD	5	5	13998837	15324000	15643193	17166679	TRUE	simulated_interval
SimA_region_0167	SimD_region_0167	SimA	SimD	5	5	16111922	16776000	18831543	19595660	TRUE	simulated_interval
SimA_region_0168	SimD_region_0168	SimA	SimD	5	5	18751877	19944000	21563943	22935509	TRUE	simulated_interval
SimA_region_0169	SimD_region_0169	SimA	SimD	6	6	724238	1325635	416262	1110767	TRUE	simulated_interval
SimA_region_0170	SimD_region_0170	SimA	SimD	6	6	2989783	3594642	3029662	3720340	TRUE	simulated_interval
SimA_region_0171	SimD_region_0171	SimA	SimD	6	8	5497866	6341333	4883263	5649585	TRUE	simulated_interval
SimA_region_0172	SimD_region_0172	SimA	SimD	6	6	7767588	8729761	8661372	9763560	TRUE	simulated_interval
SimA_region_0173	SimD_region_0173	SimA	SimD	6	6	9800976	10401660	11266823	11961094	TRUE	simulated_interval
SimA_region_0174	SimD_region_0174	SimA	SimD	6	6	12424439	13028931	14429947	15120050	TRUE	simulated_interval
SimA_region_0175	SimD_region_0175	SimA	SimD	6	6	14818344	15895044	17316064	18553698	TRUE	simulated_interval
SimA_region_0176	SimD_region_0176	SimA	SimD	6	6	17202279	18164050	19646527	20751233	TRUE	simulated_interval
SimA_region_0177	SimD_region_0177	SimA	SimD	7	7	218836	973585	17827906	18689836	TRUE	simulated_interval
SimA_region_0178	SimD_region_0178	SimA	SimD	7	1	2356657	2896755	29161071	30321610	TRUE	simulated_interval
SimA_region_0179	SimD_region_0179	SimA	SimD	7	7	4920362	5888352	12910181	14020377	TRUE	simulated_interval
SimA_region_0180	SimD_region_0180	SimA	SimD	7	7	6952847	7490994	10085168	10702604	TRUE	simulated_interval
SimA_region_0181	SimD_region_0181	SimA	SimD	7	7	8876958	9627849	7991319	8859396	TRUE	simulated_interval
SimA_region_0182	SimD_region_0182	SimA	SimD	7	7	11118892	12085233	5657541	6770428	TRUE	simulated_interval
SimA_region_0183	SimD_region_0183	SimA	SimD	7	7	13467442	14328931	3202260	4189937	TRUE	simulated_interval
SimA_region_0184	SimD_region_0184	SimA	SimD	7	1	15182159	15717887	1163733	2325711	TRUE	simulated_interval
SimA_region_0185	SimD_region_0185	SimA	SimD	8	2	386630	860377	846442	1899057	TRUE	simulated_interval
SimA_region_0186	SimD_region_0186	SimA	SimD	8	8	2270247	3216981	2390574	3481283	TRUE	simulated_interval
SimA_region_0187	SimD_region_0187	SimA	SimD	8	8	4152166	4819472	4883263	5649585	TRUE	simulated_interval
SimA_region_0188	SimD_region_0188	SimA	SimD	8	8	6136958	6893283	6730797	7601057	TRUE	simulated_interval
SimA_region_0189	SimD_region_0189	SimA	SimD	8	8	7739460	8684302	8895997	9986189	TRUE	simulated_interval
SimA_region_0190	SimD_region_0190	SimA	SimD	8	8	9718510	10569585	11282858	12262906	TRUE	simulated_interval
SimA_region_0191	SimD_region_0191	SimA	SimD	8	2	11886740	12643396	26423376	28108176	TRUE	simulated_interval
SimA_region_0192	SimD_region_0192	SimA	SimD	8	8	13675505	14340151	15513337	16274264	TRUE	simulated_interval
SimB_region_0193	SimC_region_0193	SimB	SimC	1	3	1096568	2619396	22438474	23518189	TRUE	simulated_interval
SimB_region_0194	SimC_region_0194	SimB	SimC	1	1	5437589	6530491	23646862	24595899	TRUE	simulated_interval
SimB_region_0195	SimC_region_0195	SimB	SimC	1	1	9135839	10441585	19482778	20624654	TRUE	simulated_interval
SimB_region_0196	SimC_region_0196	SimB	SimC	1	1	13693523	15656377	15702550	17409836	TRUE	simulated_interval
SimB_region_0197	SimC_region_0197	SimB	SimC	1	1	18690411	20219321	12487778	13816805	TRUE	simulated_interval
SimB_region_0198	SimC_region_0198	SimB	SimC	1	1	22825095	23913132	8514473	9467346	TRUE	simulated_interval
SimB_region_0199	SimC_region_0199	SimB	SimC	1	3	27167981	29127925	3692918	5081962	TRUE	simulated_interval
SimB_region_0200	SimC_region_0200	SimB	SimC	1	1	31515202	33039019	953206	2281283	TRUE	simulated_interval
SimB_region_0201	SimC_region_0201	SimB	SimC	2	2	1191323	2965585	866754	2411195	TRUE	simulated_interval
SimB_region_0202	SimC_region_0202	SimB	SimC	2	2	4932193	6903698	3951114	5667245	TRUE	simulated_interval
SimB_region_0203	SimC_region_0203	SimB	SimC	2	2	8276880	9266566	7888427	8751925	TRUE	simulated_interval
SimB_region_0204	SimC_region_0204	SimB	SimC	2	2	12415230	13795396	10631441	11836604	TRUE	simulated_interval
SimB_region_0205	SimC_region_0205	SimB	SimC	2	2	16153908	18127321	14058149	15778138	TRUE	simulated_interval
SimB_region_0206	SimC_region_0206	SimB	SimC	2	4	20483102	21671623	14410812	15232730	TRUE	simulated_interval
SimB_region_0207	SimC_region_0207	SimB	SimC	2	2	24424264	25806642	20914341	22118868	TRUE	simulated_interval
SimB_region_0208	SimC_region_0208	SimB	SimC	2	2	27970015	29547849	24687080	26060403	TRUE	simulated_interval
SimB_region_0209	SimC_region_0209	SimB	SimC	3	3	712269	2130340	778264	2009258	TRUE	simulated_interval
SimB_region_0210	SimC_region_0210	SimB	SimC	3	3	4241466	5484377	4003791	5081962	TRUE	simulated_interval
SimB_region_0211	SimC_region_0211	SimB	SimC	3	3	7419247	8661887	6458161	7540126	TRUE	simulated_interval
SimB_region_0212	SimC_region_0212	SimB	SimC	3	3	11482524	13075094	9689504	11073736	TRUE	simulated_interval
SimB_region_0213	SimC_region_0213	SimB	SimC	3	5	15009806	16605660	10427881	11551019	TRUE	simulated_interval
SimB_region_0214	SimC_region_0214	SimB	SimC	3	3	18010868	19430113	15830415	17065509	TRUE	simulated_interval
SimB_region_0215	SimC_region_0215	SimB	SimC	3	3	21544594	22607623	18751341	19677308	TRUE	simulated_interval
SimB_region_0216	SimC_region_0216	SimB	SimC	3	3	25073898	26844302	22282285	23825459	TRUE	simulated_interval
SimB_region_0217	SimC_region_0217	SimB	SimC	4	4	789065	2198113	552383	1778692	TRUE	simulated_interval
SimB_region_0218	SimC_region_0218	SimB	SimC	4	4	3599134	5008830	3407346	4632579	TRUE	simulated_interval
SimB_region_0219	SimC_region_0219	SimB	SimC	4	4	6719842	7975698	6256202	7350566	TRUE	simulated_interval
SimB_region_0220	SimC_region_0220	SimB	SimC	4	6	9688618	10630264	7079548	7757358	TRUE	simulated_interval
SimB_region_0221	SimC_region_0221	SimB	SimC	4	4	13121171	14065585	11693050	12514742	TRUE	simulated_interval
SimB_region_0222	SimC_region_0222	SimB	SimC	4	4	16093296	17344755	14410812	15504528	TRUE	simulated_interval
SimB_region_0223	SimC_region_0223	SimB	SimC	4	4	19368390	20780075	16855694	18086616	TRUE	simulated_interval
SimB_region_0224	SimC_region_0224	SimB	SimC	4	4	22803209	24371547	19849455	21212302	TRUE	simulated_interval
SimB_region_0225	SimC_region_0225	SimB	SimC	5	5	717333	1722792	629435	1500906	TRUE	simulated_interval
SimB_region_0226	SimC_region_0226	SimB	SimC	5	5	3143950	4003849	2982585	3734264	TRUE	simulated_interval
SimB_region_0227	SimC_region_0227	SimB	SimC	5	7	6137770	6997736	4223143	4832528	TRUE	simulated_interval
SimB_region_0228	SimC_region_0228	SimB	SimC	5	5	9276724	10419321	7699879	8697283	TRUE	simulated_interval
SimB_region_0229	SimC_region_0229	SimB	SimC	5	5	12268958	13698340	10303364	11551019	TRUE	simulated_interval
SimB_region_0230	SimC_region_0230	SimB	SimC	5	5	14546734	15551698	12788167	13660302	TRUE	simulated_interval
SimB_region_0231	SimC_region_0231	SimB	SimC	5	5	17545283	18545585	15266942	16141811	TRUE	simulated_interval
SimB_region_0232	SimC_region_0232	SimB	SimC	5	5	20254245	21396906	17625956	18623321	TRUE	simulated_interval
SimB_region_0233	SimC_region_0233	SimB	SimC	6	6	523988	1688755	16171444	17186491	TRUE	simulated_interval
SimB_region_0234	SimC_region_0234	SimB	SimC	6	8	3361767	4397358	11173870	11884906	TRUE	simulated_interval
SimB_region_0235	SimC_region_0235	SimB	SimC	6	6	5422330	6719019	11679046	12808679	TRUE	simulated_interval
SimB_region_0236	SimC_region_0236	SimB	SimC	6	6	8001954	8911698	9433592	10226893	TRUE	simulated_interval
SimB_region_0237	SimC_region_0237	SimB	SimC	6	6	10843816	12136226	7079548	8206365	TRUE	simulated_interval
SimB_region_0238	SimC_region_0238	SimB	SimC	6	6	13166436	14457887	5170954	6298088	TRUE	simulated_interval
SimB_region_0239	SimC_region_0239	SimB	SimC	6	6	15742014	16908528	2927742	3940805	TRUE	simulated_interval
SimB_region_0240	SimC_region_0240	SimB	SimC	6	8	18449795	19359170	273057	898038	TRUE	simulated_interval
SimB_region_0241	SimC_region_0241	SimB	SimC	7	1	470651	1512151	577186	2281283	TRUE	simulated_interval
SimB_region_0242	SimC_region_0242	SimB	SimC	7	7	3009119	4166264	2419589	3426541	TRUE	simulated_interval
SimB_region_0243	SimC_region_0243	SimB	SimC	7	7	5082917	6243396	4223143	5234239	TRUE	simulated_interval
SimB_region_0244	SimC_region_0244	SimB	SimC	7	7	7504808	8551321	6436577	7343220	TRUE	simulated_interval
SimB_region_0245	SimC_region_0245	SimB	SimC	7	7	9815878	10513057	8244140	8849635	TRUE	simulated_interval
SimB_region_0246	SimC_region_0246	SimB	SimC	7	7	12239113	13282566	10449478	11360327	TRUE	simulated_interval
SimB_region_0247	SimC_region_0247	SimB	SimC	7	1	14199536	14782717	23831592	24785006	TRUE	simulated_interval
SimB_region_0248	SimC_region_0248	SimB	SimC	7	7	16742206	17898415	14366728	15377434	TRUE	simulated_interval
SimB_region_0249	SimC_region_0249	SimB	SimC	8	8	417667	1437358	273057	1163849	TRUE	simulated_interval
SimB_region_0250	SimC_region_0250	SimB	SimC	8	8	2448902	3473585	2219147	3113132	TRUE	simulated_interval
SimB_region_0251	SimC_region_0251	SimB	SimC	8	8	4387750	5204377	3816238	4530792	TRUE	simulated_interval
SimB_region_0252	SimC_region_0252	SimB	SimC	8	8	6321128	7138792	5586898	6302868	TRUE	simulated_interval
SimB_region_0253	SimC_region_0253	SimB	SimC	8	8	8659372	9276830	7449913	7986340	TRUE	simulated_interval
SimB_region_0254	SimC_region_0254	SimB	SimC	8	2	10493357	11414868	17827808	19376931	TRUE	simulated_interval
SimB_region_0255	SimC_region_0255	SimB	SimC	8	8	12530313	13043849	10816246	11264679	TRUE	simulated_interval
SimB_region_0256	SimC_region_0256	SimB	SimC	8	8	14667385	15690943	12678049	13568377	TRUE	simulated_interval
SimB_region_0257	SimD_region_0257	SimB	SimD	1	1	1308035	2402113	1398573	2557082	TRUE	simulated_interval
SimB_region_0258	SimD_region_0258	SimB	SimD	1	1	5655825	7834189	6021682	8341358	TRUE	simulated_interval
SimB_region_0259	SimD_region_0259	SimB	SimD	1	1	9565497	10658868	10415980	11580553	TRUE	simulated_interval
SimB_region_0260	SimD_region_0260	SimB	SimD	1	1	13480545	15004528	14814478	16439346	TRUE	simulated_interval
SimB_region_0261	SimD_region_0261	SimB	SimD	1	1	18043266	20002038	19673224	21760881	TRUE	simulated_interval
SimB_region_0262	SimD_region_0262	SimB	SimD	1	3	22169079	23478566	19178842	20313283	TRUE	simulated_interval
SimB_region_0263	SimD_region_0263	SimB	SimD	1	1	27167981	28910642	29161071	31015723	TRUE	simulated_interval
SimB_region_0264	SimD_region_0264	SimB	SimD	1	1	31293208	32387170	33096378	34254918	TRUE	simulated_interval
SimB_region_0265	SimD_region_0265	SimB	SimD	2	2	992931	2374868	1056840	2528075	TRUE	simulated_interval
SimB_region_0266	SimD_region_0266	SimB	SimD	2	2	4732421	6509887	5042521	6931208	TRUE	simulated_interval
SimB_region_0267	SimD_region_0267	SimB	SimD	2	2	8672904	9660377	8810785	9866629	TRUE	simulated_interval
SimB_region_0268	SimD_region_0268	SimB	SimD	2	2	12807073	14583019	13636184	15527799	TRUE	simulated_interval
SimB_region_0269	SimD_region_0269	SimB	SimD	2	4	16744354	18521132	13971439	15475736	TRUE	simulated_interval
SimB_region_0270	SimD_region_0270	SimB	SimD	2	2	20288817	21671623	21601274	23076025	TRUE	simulated_interval
SimB_region_0271	SimD_region_0271	SimB	SimD	2	2	24621836	26003547	25795581	27269484	TRUE	simulated_interval
SimB_region_0272	SimD_region_0272	SimB	SimD	2	2	28561291	29941660	29782244	31253270	TRUE	simulated_interval
SimB_region_0273	SimD_region_0273	SimB	SimD	3	3	1066634	2659925	762265	2455673	TRUE	simulated_interval
SimB_region_0274	SimD_region_0274	SimB	SimD	3	3	4421855	6190491	4329293	6215170	TRUE	simulated_interval
SimB_region_0275	SimD_region_0275	SimB	SimD	3	3	8130110	9014943	8468639	9410742	TRUE	simulated_interval
SimB_region_0276	SimD_region_0276	SimB	SimD	3	5	11658740	13251623	9572778	10942415	TRUE	simulated_interval
SimB_region_0277	SimD_region_0277	SimB	SimD	3	3	14481509	15899547	15418976	16929736	TRUE	simulated_interval
SimB_region_0278	SimD_region_0278	SimB	SimD	3	3	18189595	19959698	19556513	21441132	TRUE	simulated_interval
SimB_region_0279	SimD_region_0279	SimB	SimD	3	3	22071981	23666792	23502914	25200629	TRUE	simulated_interval
SimB_region_0280	SimD_region_0280	SimB	SimD	3	3	25782661	26667774	27451636	28396201	TRUE	simulated_interval
SimB_region_0281	SimD_region_0281	SimB	SimD	4	4	789065	2041962	337253	1674767	TRUE	simulated_interval
SimB_region_0282	SimD_region_0282	SimB	SimD	4	4	3912510	4852679	3829308	4834025	TRUE	simulated_interval
SimB_region_0283	SimD_region_0283	SimB	SimD	4	6	7032356	7819547	5916211	6604604	TRUE	simulated_interval
SimB_region_0284	SimD_region_0284	SimB	SimD	4	4	9841889	10786415	10978845	11983925	TRUE	simulated_interval
SimB_region_0285	SimD_region_0285	SimB	SimD	4	4	13121171	14221736	14306617	15475736	TRUE	simulated_interval
SimB_region_0286	SimD_region_0286	SimB	SimD	4	4	15936849	17032453	17631309	18801270	TRUE	simulated_interval
SimB_region_0287	SimD_region_0287	SimB	SimD	4	4	19523407	20311623	20457838	21295421	TRUE	simulated_interval
SimB_region_0288	SimD_region_0288	SimB	SimD	4	4	22337419	23278491	24115413	25119786	TRUE	simulated_interval
SimB_region_0289	SimD_region_0289	SimB	SimD	5	5	717333	1865358	21868752	23087321	TRUE	simulated_interval
SimB_region_0290	SimD_region_0290	SimB	SimD	5	7	3428671	4288981	15118850	15863585	TRUE	simulated_interval
SimB_region_0291	SimD_region_0291	SimB	SimD	5	5	5997530	7282868	15946458	17318491	TRUE	simulated_interval
SimB_region_0292	SimD_region_0292	SimB	SimD	5	5	9276724	10134189	12913331	13826830	TRUE	simulated_interval
SimB_region_0293	SimD_region_0293	SimB	SimD	5	5	11984960	12985509	9875540	10942415	TRUE	simulated_interval
SimB_region_0294	SimD_region_0294	SimB	SimD	5	5	14692117	15836830	6687748	7906189	TRUE	simulated_interval
SimB_region_0295	SimD_region_0295	SimB	SimD	5	5	17829923	18545585	3651202	4414528	TRUE	simulated_interval
SimB_region_0296	SimD_region_0296	SimB	SimD	5	7	20822452	21682038	376780	1117925	TRUE	simulated_interval
SimB_region_0297	SimD_region_0297	SimB	SimD	6	8	782294	2075698	550598	1638226	TRUE	simulated_interval
SimB_region_0298	SimD_region_0298	SimB	SimD	6	6	2843694	3752453	3580663	4544415	TRUE	simulated_interval
SimB_region_0299	SimD_region_0299	SimB	SimD	6	6	5683059	6976981	5916211	7291333	TRUE	simulated_interval
SimB_region_0300	SimD_region_0300	SimB	SimD	6	6	8390487	9427623	8523673	9626214	TRUE	simulated_interval
SimB_region_0301	SimD_region_0301	SimB	SimD	6	6	10843816	11749283	11821205	12785170	TRUE	simulated_interval
SimB_region_0302	SimD_region_0302	SimB	SimD	6	6	13166436	14070943	14429947	15394742	TRUE	simulated_interval
SimB_region_0303	SimD_region_0303	SimB	SimD	6	8	16003083	17037509	13449334	14322792	TRUE	simulated_interval
SimB_region_0304	SimD_region_0304	SimB	SimD	6	6	18449795	19617132	20061640	21300616	TRUE	simulated_interval
SimB_region_0305	SimD_region_0305	SimB	SimD	7	7	236052	1165962	500898	1486566	TRUE	simulated_interval
SimB_region_0306	SimD_region_0306	SimB	SimD	7	7	2545886	3127698	2708416	3329774	TRUE	simulated_interval
SimB_region_0307	SimD_region_0307	SimB	SimD	7	7	5082917	5666415	5412748	6033145	TRUE	simulated_interval
SimB_region_0308	SimD_region_0308	SimB	SimD	7	7	7626308	8435925	7873584	8736516	TRUE	simulated_interval
SimB_region_0309	SimD_region_0309	SimB	SimD	7	7	9928538	10974642	10452026	11562767	TRUE	simulated_interval
SimB_region_0310	SimD_region_0310	SimB	SimD	7	1	12239113	12936377	23837069	25231447	TRUE	simulated_interval
SimB_region_0311	SimD_region_0311	SimB	SimD	7	7	14430372	15359698	15118850	16109346	TRUE	simulated_interval
SimB_region_0312	SimD_region_0312	SimB	SimD	7	7	16742206	17552226	17578537	18444075	TRUE	simulated_interval
SimB_region_0313	SimD_region_0313	SimB	SimD	8	8	516716	1437358	550598	1529811	TRUE	simulated_interval
SimB_region_0314	SimD_region_0314	SimB	SimD	8	8	2653810	3575396	2720789	3698113	TRUE	simulated_interval
SimB_region_0315	SimD_region_0315	SimB	SimD	8	8	4285338	5000755	4993310	5758000	TRUE	simulated_interval
SimB_region_0316	SimD_region_0316	SimB	SimD	8	8	6523423	7342415	6835657	7709472	TRUE	simulated_interval
SimB_region_0317	SimD_region_0317	SimB	SimD	8	2	8457606	9073208	17826485	19092239	TRUE	simulated_interval
SimB_region_0318	SimD_region_0318	SimB	SimD	8	8	10493357	11516679	11282858	12371321	TRUE	simulated_interval
SimB_region_0319	SimD_region_0319	SimB	SimD	8	8	12430293	13145660	13449334	14214377	TRUE	simulated_interval
SimB_region_0320	SimD_region_0320	SimB	SimD	8	8	14566541	15283698	15399563	16165849	TRUE	simulated_interval
SimC_region_0321	SimD_region_0321	SimC	SimD	1	1	577186	2281283	1163733	3251195	TRUE	simulated_interval
SimC_region_0322	SimD_region_0322	SimC	SimD	1	1	4166718	5306994	5557719	6953132	TRUE	simulated_interval
SimC_region_0323	SimD_region_0323	SimC	SimD	1	1	7946578	9467346	10652435	12506038	TRUE	simulated_interval
SimC_region_0324	SimD_region_0324	SimC	SimD	1	1	11733712	13060377	14581894	16207975	TRUE	simulated_interval
SimC_region_0325	SimD_region_0325	SimC	SimD	1	3	15702550	17409836	15418976	17117711	TRUE	simulated_interval
SimC_region_0326	SimD_region_0326	SimC	SimD	1	1	19674043	21570189	23608612	25925560	TRUE	simulated_interval
SimC_region_0327	SimD_region_0327	SimC	SimD	1	1	23079199	24974113	28465159	30784352	TRUE	simulated_interval
SimC_region_0328	SimD_region_0328	SimC	SimD	1	1	27428579	28756252	33096378	34717660	TRUE	simulated_interval
SimC_region_0329	SimD_region_0329	SimC	SimD	2	2	519722	2239824	1264559	3366767	TRUE	simulated_interval
SimC_region_0330	SimD_region_0330	SimC	SimD	2	2	4292226	5667245	4620781	6302189	TRUE	simulated_interval
SimC_region_0331	SimD_region_0331	SimC	SimD	2	2	7888427	8923296	9652519	10914994	TRUE	simulated_interval
SimC_region_0332	SimD_region_0332	SimC	SimD	2	4	10971748	12007975	10318965	11318818	TRUE	simulated_interval
SimC_region_0333	SimD_region_0333	SimC	SimD	2	2	14572210	15435396	18038727	19092239	TRUE	simulated_interval
SimC_region_0334	SimD_region_0334	SimC	SimD	2	2	17658783	19034189	21601274	23285698	TRUE	simulated_interval
SimC_region_0335	SimD_region_0335	SimC	SimD	2	2	21427547	22461610	26213693	27479157	TRUE	simulated_interval
SimC_region_0336	SimD_region_0336	SimC	SimD	2	2	24857563	25717660	30616909	31672616	TRUE	simulated_interval
SimC_region_0337	SimD_region_0337	SimC	SimD	3	3	778264	2162893	1138061	2831623	TRUE	simulated_interval
SimC_region_0338	SimD_region_0338	SimC	SimD	3	3	3543619	4774692	4329293	5839220	TRUE	simulated_interval
SimC_region_0339	SimD_region_0339	SimC	SimD	3	5	6767325	7540126	6987387	7754377	TRUE	simulated_interval
SimC_region_0340	SimD_region_0340	SimC	SimD	3	3	9991804	11381006	12040768	13734164	TRUE	simulated_interval
SimC_region_0341	SimD_region_0341	SimC	SimD	3	3	13218705	14146440	15987827	17117711	TRUE	simulated_interval
SimC_region_0342	SimD_region_0342	SimC	SimD	3	3	15830415	16758239	19368619	20501258	TRUE	simulated_interval
SimC_region_0343	SimD_region_0343	SimC	SimD	3	3	18904647	20291849	23318203	25012654	TRUE	simulated_interval
SimC_region_0344	SimD_region_0344	SimC	SimD	3	3	21824774	22750013	27073507	28208226	TRUE	simulated_interval
SimC_region_0345	SimD_region_0345	SimC	SimD	4	4	414623	1506893	23782172	25119786	TRUE	simulated_interval
SimC_region_0346	SimD_region_0346	SimC	SimD	4	6	3270209	4360780	16762234	17866969	TRUE	simulated_interval
SimC_region_0347	SimD_region_0347	SimC	SimD	4	4	5715234	6535170	17631309	18634994	TRUE	simulated_interval
SimC_region_0348	SimD_region_0348	SimC	SimD	4	4	8571505	9253157	13639137	14478075	TRUE	simulated_interval
SimC_region_0349	SimD_region_0349	SimC	SimD	4	4	11556609	12922440	10818261	12482755	TRUE	simulated_interval
SimC_region_0350	SimD_region_0350	SimC	SimD	4	4	14004210	15096830	6987828	8325836	TRUE	simulated_interval
SimC_region_0351	SimD_region_0351	SimC	SimD	4	4	16589979	17814818	3829308	5332855	TRUE	simulated_interval
SimC_region_0352	SimD_region_0352	SimC	SimD	4	6	19574306	20396906	280302	1110767	TRUE	simulated_interval
SimC_region_0353	SimD_region_0353	SimC	SimD	5	7	256445	1252755	624070	1609447	TRUE	simulated_interval
SimC_region_0354	SimD_region_0354	SimC	SimD	5	5	3112028	3982415	3955201	5021774	TRUE	simulated_interval
SimC_region_0355	SimD_region_0355	SimC	SimD	5	5	5217952	6091698	6687748	7754377	TRUE	simulated_interval
SimC_region_0356	SimD_region_0356	SimC	SimD	5	5	7699879	8821358	10026946	11397849	TRUE	simulated_interval
SimC_region_0357	SimD_region_0357	SimC	SimD	5	5	10555248	11551019	12452693	13675019	TRUE	simulated_interval
SimC_region_0358	SimD_region_0358	SimC	SimD	5	5	12665199	13288075	15643193	16407623	TRUE	simulated_interval
SimC_region_0359	SimD_region_0359	SimC	SimD	5	7	15517311	16514038	15242752	16232226	TRUE	simulated_interval
SimC_region_0360	SimD_region_0360	SimC	SimD	5	5	17625956	18871472	21563943	23087321	TRUE	simulated_interval
SimC_region_0361	SimD_region_0361	SimC	SimD	6	6	681255	1359019	280302	1110767	TRUE	simulated_interval
SimC_region_0362	SimD_region_0362	SimC	SimD	6	6	2590098	3267296	3164867	3995031	TRUE	simulated_interval
SimC_region_0363	SimD_region_0363	SimC	SimD	6	6	5170954	5736830	6191006	6879296	TRUE	simulated_interval
SimC_region_0364	SimD_region_0364	SimC	SimD	6	6	7188544	7757358	8661372	9351522	TRUE	simulated_interval
SimC_region_0365	SimD_region_0365	SimC	SimD	6	6	9659945	10226893	11405650	12098440	TRUE	simulated_interval
SimC_region_0366	SimD_region_0366	SimC	SimD	6	8	11908161	12471925	11502250	12046075	TRUE	simulated_interval
SimC_region_0367	SimD_region_0367	SimC	SimD	6	6	13815094	14492453	17038057	17866969	TRUE	simulated_interval
SimC_region_0368	SimD_region_0368	SimC	SimD	6	6	16283548	17410994	20061640	21437962	TRUE	simulated_interval
SimC_region_0369	SimD_region_0369	SimC	SimD	7	7	205363	1217132	376780	1609447	TRUE	simulated_interval
SimC_region_0370	SimD_region_0370	SimC	SimD	7	7	2316057	2924403	3078848	3821296	TRUE	simulated_interval
SimC_region_0371	SimD_region_0371	SimC	SimD	7	7	4626771	5535522	5537538	6647547	TRUE	simulated_interval
SimC_region_0372	SimD_region_0372	SimC	SimD	7	7	6336638	7142365	8114389	9105157	TRUE	simulated_interval
SimC_region_0373	SimD_region_0373	SimC	SimD	7	1	8244140	9251346	19907064	22223623	TRUE	simulated_interval
SimC_region_0374	SimD_region_0374	SimC	SimD	7	7	10652537	11360327	12785474	13651736	TRUE	simulated_interval
SimC_region_0375	SimD_region_0375	SimC	SimD	7	7	12460267	13168025	15489772	16355107	TRUE	simulated_interval
SimC_region_0376	SimD_region_0376	SimC	SimD	7	7	14569684	15477862	17703031	18812717	TRUE	simulated_interval
SimC_region_0377	SimD_region_0377	SimC	SimD	8	8	448109	1252453	333910	1312981	TRUE	simulated_interval
SimC_region_0378	SimD_region_0378	SimC	SimD	8	8	2311236	2758717	2720789	3264453	TRUE	simulated_interval
SimC_region_0379	SimD_region_0379	SimC	SimD	8	8	3903902	4708000	4665967	5649585	TRUE	simulated_interval
SimC_region_0380	SimD_region_0380	SimC	SimD	8	2	5853646	6657283	13423778	15318126	TRUE	simulated_interval
SimC_region_0381	SimD_region_0381	SimC	SimD	8	8	7449913	7897736	8895997	9444113	TRUE	simulated_interval
SimC_region_0382	SimD_region_0382	SimC	SimD	8	8	9047152	9758415	11062595	11937660	TRUE	simulated_interval
SimC_region_0383	SimD_region_0383	SimC	SimD	8	8	11084973	11973509	13556713	14648038	TRUE	simulated_interval
SimC_region_0384	SimD_region_0384	SimC	SimD	8	8	12678049	13302566	15620849	16382679	TRUE	simulated_interval
