sample	start	end	identity
Genome_A	0	30000	99.03
Genome_A	30000	60000	99.21
Genome_A	60000	90000	98.93
Genome_A	90000	120000	99.39
Genome_A	120000	150000	98.9
Genome_A	150000	180000	99.42
Genome_A	180000	210000	98.93
Genome_A	210000	240000	99.24
Genome_A	240000	270000	99.01
Genome_A	270000	3e+05	99.08
Genome_A	3e+05	330000	99.14
Genome_A	330000	360000	98.97
Genome_A	360000	390000	99.31
Genome_A	390000	420000	98.91
Genome_A	420000	450000	94.46
Genome_A	450000	480000	98.91
Genome_A	480000	510000	99.31
Genome_A	510000	540000	98.97
Genome_A	540000	570000	99.14
Genome_A	570000	6e+05	95.45
Genome_A	6e+05	612000	99.01
Genome_A	650000	660000	99.23
Genome_A	660000	690000	98.93
Genome_A	690000	720000	99.42
Genome_A	720000	750000	92.94
Genome_A	750000	780000	99.39
Genome_A	780000	810000	98.93
Genome_A	810000	840000	99.21
Genome_A	840000	870000	99.02
Genome_A	870000	9e+05	99.06
Genome_A	9e+05	930000	99.16
Genome_A	930000	960000	98.96
Genome_A	960000	990000	99.33
Genome_A	990000	1020000	98.9
Genome_A	1020000	1050000	99.48
Genome_A	1050000	1080000	98.91
Genome_A	1080000	1110000	99.29
Genome_A	1110000	1140000	98.98
Genome_A	1140000	1170000	99.12
Genome_A	1170000	1200000	99.1
Genome_A	1200000	1230000	99
Genome_A	1230000	1260000	99.26
Genome_A	1260000	1290000	98.92
Genome_A	1290000	1320000	99.44
Genome_A	1320000	1350000	98.9
Genome_A	1350000	1380000	95.64
Genome_A	1380000	1410000	98.94
Genome_A	1410000	1440000	99.19
Genome_A	1440000	1470000	99.04
Genome_A	1470000	1500000	99.05
Genome_A	1500000	1530000	94.22
Genome_A	1530000	1560000	98.95
Genome_A	1560000	1590000	99.36
Genome_A	1590000	1620000	98.9
Genome_A	1620000	1650000	99.45
Genome_A	1650000	1680000	93.5
Genome_A	1680000	1710000	99.27
Genome_A	1710000	1740000	98.99
Genome_A	1740000	1770000	99.1
Genome_A	1770000	1800000	99.12
Genome_A	1800000	1830000	98.98
Genome_A	1830000	1860000	99.28
Genome_A	1860000	1890000	98.91
Genome_A	1890000	1920000	99.47
Genome_A	1920000	1950000	98.9
Genome_A	1950000	1980000	99.34
Genome_A	1980000	2010000	98.95
Genome_A	2010000	2040000	99.17
Genome_A	2040000	2070000	99.06
Genome_A	2070000	2100000	99.03
Genome_A	2100000	2130000	99.21
Genome_A	2130000	2160000	98.94
Genome_A	2160000	2190000	99.38
Genome_A	2190000	2220000	98.9
Genome_A	2220000	2250000	99.43
Genome_A	2250000	2280000	98.92
Genome_A	2280000	2310000	97.12
Genome_A	2310000	2340000	99.01
Genome_A	2340000	2370000	99.09
Genome_A	2370000	2400000	99.14
Genome_A	2400000	2430000	98.97
Genome_A	2430000	2460000	93.51
Genome_A	2460000	2490000	98.91
Genome_A	2490000	2520000	99.49
Genome_A	2520000	2550000	98.91
Genome_A	2550000	2580000	99.32
Genome_A	2580000	2610000	94.68
Genome_A	2610000	2640000	99.15
Genome_A	2640000	2670000	99.07
Genome_A	2670000	2700000	99.01
Genome_A	2700000	2730000	99.23
Genome_A	2730000	2760000	98.93
Genome_A	2760000	2790000	99.41
Genome_A	2790000	2820000	98.9
Genome_A	2820000	2850000	99.4
Genome_A	2850000	2880000	98.93
Genome_A	2880000	2910000	99.22
Genome_A	2910000	2940000	99.02
Genome_A	2940000	2970000	99.07
Genome_A	2970000	3e+06	99.16
Genome_A	3e+06	3030000	98.96
Genome_A	3030000	3060000	99.33
Genome_A	3060000	3090000	98.91
Genome_A	3090000	3120000	99.48
Genome_A	3120000	3150000	98.91
Genome_A	3150000	3180000	99.3
Genome_A	3180000	3210000	98.98
Genome_A	3210000	3240000	95.63
Genome_A	3240000	3270000	99.09
Genome_A	3270000	3300000	99
Genome_A	3300000	3330000	99.25
Genome_A	3330000	3360000	98.92
Genome_A	3360000	3390000	93.45
Genome_A	3390000	3420000	98.9
Genome_A	3420000	3450000	99.38
Genome_A	3450000	3480000	98.94
Genome_A	3480000	3510000	99.2
Genome_A	3510000	3540000	96.28
Genome_A	3540000	3570000	99.05
Genome_A	3570000	3600000	99.18
Genome_A	3600000	3630000	98.95
Genome_A	3630000	3660000	99.35
Genome_A	3660000	3690000	98.9
Genome_A	3690000	3720000	99.46
Genome_A	3720000	3750000	98.92
Genome_A	3750000	3780000	99.27
Genome_A	3780000	3810000	98.99
Genome_A	3810000	3840000	99.11
Genome_A	3840000	3870000	99.11
Genome_A	3870000	3900000	98.99
Genome_A	3900000	3930000	99.27
Genome_A	3930000	3960000	98.92
Genome_A	3960000	3990000	99.46
Genome_A	3990000	4020000	98.9
Genome_A	4020000	4050000	99.35
Genome_A	4050000	4080000	98.95
Genome_A	4080000	4110000	99.18
Genome_A	4110000	4140000	99.05
Genome_A	4140000	4170000	94.16
Genome_A	4170000	4200000	99.2
Genome_A	4200000	4230000	98.94
Genome_A	4230000	4260000	99.38
Genome_A	4260000	4290000	98.9
Genome_A	4290000	4320000	93.95
Genome_A	4320000	4350000	98.92
Genome_A	4350000	4380000	99.25
Genome_A	4380000	4410000	99
Genome_A	4410000	4440000	99.09
Genome_A	4440000	4470000	96.24
Genome_A	4470000	4500000	98.97
Genome_A	4500000	4530000	99.3
Genome_A	4530000	4560000	98.91
Genome_A	4560000	4590000	99.49
Genome_A	4590000	4620000	98.91
Genome_A	4620000	4650000	99.33
Genome_A	4650000	4680000	98.96
Genome_A	4680000	4710000	99.15
Genome_A	4710000	4740000	99.07
Genome_A	4740000	4770000	99.02
Genome_A	4770000	4800000	99.22
Genome_B	0	30000	98.92
Genome_B	30000	60000	99.26
Genome_B	60000	90000	98.99
Genome_B	90000	120000	99.1
Genome_B	120000	150000	99.12
Genome_B	150000	180000	98.98
Genome_B	180000	210000	99.29
Genome_B	210000	240000	93.27
Genome_B	240000	270000	99.47
Genome_B	270000	3e+05	98.9
Genome_B	3e+05	330000	99.34
Genome_B	330000	360000	98.95
Genome_B	360000	390000	96.62
Genome_B	390000	420000	99.06
Genome_B	420000	450000	99.03
Genome_B	450000	480000	99.21
Genome_B	480000	510000	98.94
Genome_B	510000	540000	93.43
Genome_B	540000	570000	98.9
Genome_B	570000	6e+05	99.42
Genome_B	6e+05	612000	98.93
Genome_B	650000	660000	99.24
Genome_B	660000	690000	99.01
Genome_B	690000	720000	99.08
Genome_B	720000	750000	99.14
Genome_B	750000	780000	98.97
Genome_B	780000	810000	99.31
Genome_B	810000	840000	98.91
Genome_B	840000	870000	99.5
Genome_B	870000	9e+05	98.91
Genome_B	9e+05	930000	99.32
Genome_B	930000	960000	98.97
Genome_B	960000	990000	99.15
Genome_B	990000	1020000	99.08
Genome_B	1020000	1050000	99.01
Genome_B	1050000	1080000	99.23
Genome_B	1080000	1110000	98.93
Genome_B	1110000	1140000	99.41
Genome_B	1140000	1170000	94.23
Genome_B	1170000	1200000	99.4
Genome_B	1200000	1230000	98.93
Genome_B	1230000	1260000	99.22
Genome_B	1260000	1290000	99.02
Genome_B	1290000	1320000	94.96
Genome_B	1320000	1350000	99.16
Genome_B	1350000	1380000	98.96
Genome_B	1380000	1410000	99.33
Genome_B	1410000	1440000	98.9
Genome_B	1440000	1470000	93.62
Genome_B	1470000	1500000	98.91
Genome_B	1500000	1530000	99.29
Genome_B	1530000	1560000	98.98
Genome_B	1560000	1590000	99.13
Genome_B	1590000	1620000	99.1
Genome_B	1620000	1650000	99
Genome_B	1650000	1680000	99.26
Genome_B	1680000	1710000	98.92
Genome_B	1710000	1740000	99.44
Genome_B	1740000	1770000	98.9
Genome_B	1770000	1800000	99.37
Genome_B	1800000	1830000	98.94
Genome_B	1830000	1860000	99.19
Genome_B	1860000	1890000	99.04
Genome_B	1890000	1920000	99.05
Genome_B	1920000	1950000	99.18
Genome_B	1950000	1980000	98.95
Genome_B	1980000	2010000	99.36
Genome_B	2010000	2040000	98.9
Genome_B	2040000	2070000	99.45
Genome_B	2070000	2100000	95.68
Genome_B	2100000	2130000	99.27
Genome_B	2130000	2160000	98.99
Genome_B	2160000	2190000	99.11
Genome_B	2190000	2220000	99.12
Genome_B	2220000	2250000	93.69
Genome_B	2250000	2280000	99.28
Genome_B	2280000	2310000	98.91
Genome_B	2310000	2340000	99.46
Genome_B	2340000	2370000	98.9
Genome_B	2370000	2400000	94.24
Genome_B	2400000	2430000	98.95
Genome_B	2430000	2460000	99.17
Genome_B	2460000	2490000	99.06
Genome_B	2490000	2520000	99.03
Genome_B	2520000	2550000	99.2
Genome_B	2550000	2580000	98.94
Genome_B	2580000	2610000	99.38
Genome_B	2610000	2640000	98.9
Genome_B	2640000	2670000	99.43
Genome_B	2670000	2700000	98.92
Genome_B	2700000	2730000	99.24
Genome_B	2730000	2760000	99
Genome_B	2760000	2790000	99.09
Genome_B	2790000	2820000	99.14
Genome_B	2820000	2850000	98.97
Genome_B	2850000	2880000	99.3
Genome_B	2880000	2910000	98.91
Genome_B	2910000	2940000	99.49
Genome_B	2940000	2970000	98.91
Genome_B	2970000	3e+06	99.32
Genome_B	3e+06	3030000	96.56
Genome_B	3030000	3060000	99.15
Genome_B	3060000	3090000	99.07
Genome_B	3090000	3120000	99.02
Genome_B	3120000	3150000	99.23
Genome_B	3150000	3180000	93
Genome_B	3180000	3210000	99.41
Genome_B	3210000	3240000	98.9
Genome_B	3240000	3270000	99.4
Genome_B	3270000	3300000	98.93
Genome_B	3300000	3330000	95.4
Genome_B	3330000	3360000	99.02
Genome_B	3360000	3390000	99.07
Genome_B	3390000	3410000	99.16
Genome_B	3474000	3480000	99.33
Genome_B	3480000	3510000	98.91
Genome_B	3510000	3540000	99.48
Genome_B	3540000	3570000	98.91
Genome_B	3570000	3600000	99.3
Genome_B	3600000	3630000	98.97
Genome_B	3630000	3660000	99.13
Genome_B	3660000	3690000	99.09
Genome_B	3690000	3720000	99
Genome_B	3720000	3750000	99.25
Genome_B	3750000	3780000	98.92
Genome_B	3780000	3810000	99.43
Genome_B	3810000	3840000	98.9
Genome_B	3840000	3870000	99.38
Genome_B	3870000	3900000	98.94
Genome_B	3900000	3930000	99.2
Genome_B	3930000	3960000	95.06
Genome_B	3960000	3990000	99.05
Genome_B	3990000	4020000	99.18
Genome_B	4020000	4050000	98.95
Genome_B	4050000	4080000	99.35
Genome_B	4080000	4110000	93.01
Genome_B	4110000	4140000	99.46
Genome_B	4140000	4170000	98.92
Genome_B	4170000	4200000	99.27
Genome_B	4200000	4230000	98.99
Genome_B	4230000	4260000	96.88
Genome_B	4260000	4290000	99.11
Genome_B	4290000	4320000	98.99
Genome_B	4320000	4350000	99.27
Genome_B	4350000	4380000	98.92
Genome_B	4380000	4410000	99.46
Genome_B	4410000	4440000	98.9
Genome_B	4440000	4470000	99.35
Genome_B	4470000	4500000	98.95
Genome_B	4500000	4530000	99.18
Genome_B	4530000	4560000	99.05
Genome_B	4560000	4590000	99.04
Genome_B	4590000	4620000	99.2
Genome_B	4620000	4650000	98.94
Genome_B	4650000	4680000	99.38
Genome_B	4680000	4710000	98.9
Genome_B	4710000	4740000	99.43
Genome_B	4740000	4770000	98.92
Genome_B	4770000	4800000	99.25
Genome_C	0	30000	93.3
Genome_C	30000	60000	98.92
Genome_C	60000	90000	99.44
Genome_C	90000	120000	98.9
Genome_C	120000	150000	99.37
Genome_C	150000	180000	96.36
Genome_C	180000	210000	99.19
Genome_C	210000	240000	99.04
Genome_C	240000	270000	99.04
Genome_C	270000	3e+05	99.19
Genome_C	3e+05	330000	93.32
Genome_C	330000	360000	99.36
Genome_C	360000	390000	98.9
Genome_C	390000	420000	99.45
Genome_C	420000	450000	98.92
Genome_C	450000	480000	99.26
Genome_C	480000	510000	98.99
Genome_C	510000	540000	99.1
Genome_C	540000	570000	99.12
Genome_C	570000	6e+05	98.98
Genome_C	6e+05	612000	99.28
Genome_C	650000	660000	98.91
Genome_C	660000	690000	99.47
Genome_C	690000	720000	98.9
Genome_C	720000	750000	99.34
Genome_C	750000	780000	98.95
Genome_C	780000	810000	99.17
Genome_C	810000	840000	99.06
Genome_C	840000	870000	99.03
Genome_C	870000	9e+05	99.21
Genome_C	9e+05	930000	98.94
Genome_C	930000	960000	93.99
Genome_C	960000	990000	98.9
Genome_C	990000	1020000	99.42
Genome_C	1020000	1050000	98.92
Genome_C	1050000	1080000	99.24
Genome_C	1080000	1110000	95.94
Genome_C	1110000	1140000	99.08
Genome_C	1140000	1170000	99.14
Genome_C	1170000	1200000	98.97
Genome_C	1200000	1230000	99.31
Genome_C	1230000	1260000	92.91
Genome_C	1260000	1290000	99.5
Genome_C	1290000	1320000	98.91
Genome_C	1320000	1350000	99.32
Genome_C	1350000	1380000	98.96
Genome_C	1380000	1410000	99.15
Genome_C	1410000	1440000	99.08
Genome_C	1440000	1470000	99.01
Genome_C	1470000	1500000	99.23
Genome_C	1500000	1530000	98.93
Genome_C	1530000	1560000	99.41
Genome_C	1560000	1590000	98.9
Genome_C	1590000	1620000	99.4
Genome_C	1620000	1650000	98.93
Genome_C	1650000	1680000	99.22
Genome_C	1680000	1710000	99.02
Genome_C	1710000	1740000	99.07
Genome_C	1740000	1770000	99.16
Genome_C	1770000	1800000	98.96
Genome_C	1800000	1830000	99.33
Genome_C	1830000	1860000	98.9
Genome_C	1860000	1890000	95.23
Genome_C	1890000	1920000	98.91
Genome_C	1920000	1950000	99.29
Genome_C	1950000	1980000	98.98
Genome_C	1980000	2010000	99.13
Genome_C	2010000	2040000	94.56
Genome_C	2040000	2070000	99
Genome_C	2070000	2100000	99.25
Genome_C	2100000	2130000	98.92
Genome_C	2130000	2160000	99.44
Genome_C	2160000	2190000	93.21
Genome_C	2190000	2220000	99.37
Genome_C	2220000	2250000	98.94
Genome_C	2250000	2280000	99.2
Genome_C	2280000	2310000	99.04
Genome_C	2310000	2340000	99.05
Genome_C	2340000	2370000	99.18
Genome_C	2370000	2400000	98.95
Genome_C	2400000	2430000	99.36
Genome_C	2430000	2460000	98.9
Genome_C	2460000	2490000	99.45
Genome_C	2490000	2520000	98.92
Genome_C	2520000	2550000	99.27
Genome_C	2550000	2580000	98.99
Genome_C	2580000	2610000	99.11
Genome_C	2610000	2640000	99.11
Genome_C	2640000	2670000	98.99
Genome_C	2670000	2700000	99.28
Genome_C	2700000	2730000	98.91
Genome_C	2730000	2760000	99.46
Genome_C	2760000	2790000	98.9
Genome_C	2790000	2820000	96.63
Genome_C	2820000	2850000	98.95
Genome_C	2850000	2880000	99.17
Genome_C	2880000	2910000	99.05
Genome_C	2910000	2940000	99.03
Genome_C	2940000	2970000	93.64
Genome_C	2970000	3e+06	98.94
Genome_C	3e+06	3030000	99.38
Genome_C	3030000	3060000	98.9
Genome_C	3060000	3090000	99.43
Genome_C	3090000	3120000	94.18
Genome_C	3120000	3150000	99.25
Genome_C	3150000	3180000	99
Genome_C	3180000	3210000	99.09
Genome_C	3210000	3240000	99.13
Genome_C	3240000	3270000	98.97
Genome_C	3270000	3300000	99.3
Genome_C	3300000	3330000	98.91
Genome_C	3330000	3360000	99.49
Genome_C	3360000	3390000	98.91
Genome_C	3390000	3420000	99.32
Genome_C	3420000	3450000	98.96
Genome_C	3450000	3480000	99.15
Genome_C	3480000	3510000	99.07
Genome_C	3510000	3540000	99.02
Genome_C	3540000	3570000	99.23
Genome_C	3570000	3600000	98.93
Genome_C	3600000	3630000	99.41
Genome_C	3630000	3660000	98.9
Genome_C	3660000	3690000	99.4
Genome_C	3690000	3720000	98.93
Genome_C	3720000	3750000	96.29
Genome_C	3750000	3780000	99.02
Genome_C	3780000	3810000	99.07
Genome_C	3810000	3840000	99.15
Genome_C	3840000	3870000	98.96
Genome_C	3870000	3900000	93.33
Genome_C	3900000	3930000	98.91
Genome_C	3930000	3960000	99.49
Genome_C	3960000	3990000	98.91
Genome_C	3990000	4020000	99.3
Genome_C	4020000	4050000	95.64
Genome_C	4050000	4080000	99.13
Genome_C	4080000	4110000	99.09
Genome_C	4110000	4140000	99
Genome_C	4140000	4170000	99.25
Genome_C	4170000	4200000	98.92
Genome_C	4200000	4230000	99.43
Genome_C	4230000	4260000	98.9
Genome_C	4260000	4290000	99.38
Genome_C	4290000	4320000	98.94
Genome_C	4320000	4350000	99.2
Genome_C	4350000	4380000	99.03
Genome_C	4380000	4410000	99.05
Genome_C	4410000	4440000	99.18
Genome_C	4440000	4470000	98.95
Genome_C	4470000	4500000	99.35
Genome_C	4500000	4530000	98.9
Genome_C	4530000	4560000	99.46
Genome_C	4560000	4590000	98.92
Genome_C	4590000	4600000	99.27
Genome_C	4608000	4620000	99.27
Genome_C	4620000	4650000	98.99
Genome_C	4650000	4680000	94.69
Genome_C	4680000	4710000	99.11
Genome_C	4710000	4740000	98.99
Genome_C	4740000	4770000	99.27
Genome_C	4770000	4800000	98.92
Genome_D	0	30000	99.21
Genome_D	30000	60000	99.03
Genome_D	60000	90000	99.06
Genome_D	90000	120000	94.15
Genome_D	120000	150000	98.96
Genome_D	150000	180000	99.34
Genome_D	180000	210000	98.9
Genome_D	210000	240000	99.47
Genome_D	240000	270000	98.91
Genome_D	270000	3e+05	99.29
Genome_D	3e+05	330000	98.98
Genome_D	330000	360000	99.12
Genome_D	360000	390000	99.1
Genome_D	390000	420000	99
Genome_D	420000	450000	99.26
Genome_D	450000	480000	98.92
Genome_D	480000	510000	99.44
Genome_D	510000	540000	98.9
Genome_D	540000	570000	99.37
Genome_D	570000	6e+05	98.94
Genome_D	6e+05	630000	99.19
Genome_D	630000	660000	99.04
Genome_D	660000	690000	99.05
Genome_D	690000	720000	99.19
Genome_D	720000	750000	93.1
Genome_D	750000	780000	99.36
Genome_D	780000	810000	98.9
Genome_D	810000	840000	99.45
Genome_D	840000	870000	98.92
Genome_D	870000	9e+05	97.21
Genome_D	9e+05	930000	98.99
Genome_D	930000	960000	99.1
Genome_D	960000	990000	99.12
Genome_D	990000	1020000	98.98
Genome_D	1020000	1050000	93.46
Genome_D	1050000	1080000	98.91
Genome_D	1080000	1110000	99.47
Genome_D	1110000	1140000	98.9
Genome_D	1140000	1170000	99.34
Genome_D	1170000	1200000	98.95
Genome_D	1200000	1230000	99.17
Genome_D	1230000	1260000	99.06
Genome_D	1260000	1290000	99.03
Genome_D	1290000	1320000	99.21
Genome_D	1320000	1350000	98.94
Genome_D	1350000	1380000	99.39
Genome_D	1380000	1410000	98.9
Genome_D	1410000	1440000	99.42
Genome_D	1440000	1470000	94.5
Genome_D	1470000	1500000	94.5
Genome_D	1500000	1530000	94.5
Genome_D	1530000	1560000	94.5
Genome_D	1560000	1590000	94.5
Genome_D	1590000	1620000	98.97
Genome_D	1620000	1650000	99.31
Genome_D	1650000	1680000	93.82
Genome_D	1680000	1710000	99.49
Genome_D	1710000	1740000	98.91
Genome_D	1740000	1770000	99.32
Genome_D	1770000	1800000	98.96
Genome_D	1800000	1830000	95.58
Genome_D	1830000	1860000	99.08
Genome_D	1860000	1890000	99.01
Genome_D	1890000	1920000	99.23
Genome_D	1920000	1940000	98.93
Genome_D	1952000	1980000	93.44
Genome_D	1980000	2010000	98.9
Genome_D	2010000	2040000	99.4
Genome_D	2040000	2070000	98.93
Genome_D	2070000	2100000	99.22
Genome_D	2100000	2130000	99.02
Genome_D	2130000	2160000	99.07
Genome_D	2160000	2190000	99.16
Genome_D	2190000	2220000	98.96
Genome_D	2220000	2250000	99.33
Genome_D	2250000	2280000	98.9
Genome_D	2280000	2310000	99.48
Genome_D	2310000	2340000	98.91
Genome_D	2340000	2370000	99.29
Genome_D	2370000	2400000	98.98
Genome_D	2400000	2430000	99.13
Genome_D	2430000	2460000	99.09
Genome_D	2460000	2490000	99
Genome_D	2490000	2520000	99.25
Genome_D	2520000	2550000	98.92
Genome_D	2550000	2580000	99.44
Genome_D	2580000	2610000	95.11
Genome_D	2610000	2640000	99.37
Genome_D	2640000	2670000	98.94
Genome_D	2670000	2700000	99.2
Genome_D	2700000	2730000	99.04
Genome_D	2730000	2760000	94.13
Genome_D	2760000	2790000	99.18
Genome_D	2790000	2820000	98.95
Genome_D	2820000	2850000	99.35
Genome_D	2850000	2880000	98.9
Genome_D	2880000	2910000	94.01
Genome_D	2910000	2940000	98.92
Genome_D	2940000	2970000	99.27
Genome_D	2970000	3e+06	98.99
Genome_D	3e+06	3030000	99.11
Genome_D	3030000	3060000	99.11
Genome_D	3060000	3090000	98.99
Genome_D	3090000	3120000	99.28
Genome_D	3120000	3150000	98.91
Genome_D	3150000	3180000	99.46
Genome_D	3180000	3210000	98.9
Genome_D	3210000	3240000	99.35
Genome_D	3240000	3270000	98.95
Genome_D	3270000	3300000	99.17
Genome_D	3300000	3330000	99.05
Genome_D	3330000	3360000	99.03
Genome_D	3360000	3390000	99.2
Genome_D	3390000	3420000	98.94
Genome_D	3420000	3450000	99.38
Genome_D	3450000	3480000	98.9
Genome_D	3480000	3510000	99.43
Genome_D	3510000	3540000	96.73
Genome_D	3540000	3570000	99.25
Genome_D	3570000	3600000	99
Genome_D	3600000	3630000	99.09
Genome_D	3630000	3660000	99.13
Genome_D	3660000	3690000	93.2
Genome_D	3690000	3720000	99.3
Genome_D	3720000	3750000	98.91
Genome_D	3750000	3780000	99.49
Genome_D	3780000	3810000	98.91
Genome_D	3810000	3840000	94.99
Genome_D	3840000	3870000	98.96
Genome_D	3870000	3900000	99.15
Genome_D	3900000	3930000	99.07
Genome_D	3930000	3960000	99.02
Genome_D	3960000	3990000	99.22
Genome_D	3990000	4020000	98.93
Genome_D	4020000	4050000	99.4
Genome_D	4050000	4080000	98.9
Genome_D	4080000	4110000	99.41
Genome_D	4110000	4140000	98.93
Genome_D	4140000	4170000	99.22
Genome_D	4170000	4200000	99.02
Genome_D	4200000	4230000	99.07
Genome_D	4230000	4260000	99.15
Genome_D	4260000	4290000	98.96
Genome_D	4290000	4320000	99.32
Genome_D	4320000	4350000	98.91
Genome_D	4350000	4380000	99.49
Genome_D	4380000	4410000	98.91
Genome_D	4410000	4440000	99.3
Genome_D	4440000	4470000	95.54
Genome_D	4470000	4500000	99.13
Genome_D	4500000	4530000	99.09
Genome_D	4530000	4560000	99
Genome_D	4560000	4590000	99.25
Genome_D	4590000	4620000	92.94
Genome_D	4620000	4650000	99.43
Genome_D	4650000	4680000	98.9
Genome_D	4680000	4710000	99.38
Genome_D	4710000	4740000	98.94
Genome_D	4740000	4770000	96.38
Genome_D	4770000	4800000	99.03
Genome_E	0	30000	98.91
Genome_E	30000	60000	99.5
Genome_E	60000	90000	98.91
Genome_E	90000	120000	99.31
Genome_E	120000	150000	98.97
Genome_E	150000	180000	99.14
Genome_E	180000	210000	99.08
Genome_E	210000	240000	99.01
Genome_E	240000	270000	99.23
Genome_E	270000	3e+05	98.93
Genome_E	3e+05	330000	99.42
Genome_E	330000	360000	98.9
Genome_E	360000	390000	99.39
Genome_E	390000	420000	98.93
Genome_E	420000	450000	99.21
Genome_E	450000	480000	99.02
Genome_E	480000	510000	99.06
Genome_E	510000	540000	93.16
Genome_E	540000	570000	98.96
Genome_E	570000	6e+05	99.33
Genome_E	6e+05	630000	98.9
Genome_E	630000	660000	99.48
Genome_E	660000	690000	95.74
Genome_E	690000	720000	99.29
Genome_E	720000	750000	98.98
Genome_E	750000	780000	99.12
Genome_E	780000	810000	99.1
Genome_E	810000	840000	93.66
Genome_E	840000	870000	99.26
Genome_E	870000	9e+05	98.92
Genome_E	9e+05	930000	99.44
Genome_E	930000	960000	98.9
Genome_E	960000	990000	99.37
Genome_E	990000	1020000	98.94
Genome_E	1020000	1050000	99.19
Genome_E	1050000	1080000	99.04
Genome_E	1080000	1110000	99.05
Genome_E	1110000	1140000	99.18
Genome_E	1140000	1170000	98.95
Genome_E	1170000	1200000	99.36
Genome_E	1200000	1230000	98.9
Genome_E	1230000	1260000	99.45
Genome_E	1260000	1290000	98.92
Genome_E	1290000	1320000	99.27
Genome_E	1320000	1350000	98.99
Genome_E	1350000	1380000	99.11
Genome_E	1380000	1410000	99.12
Genome_E	1410000	1440000	98.98
Genome_E	1440000	1470000	94.5
Genome_E	1470000	1500000	94.5
Genome_E	1500000	1530000	94.5
Genome_E	1530000	1560000	94.5
Genome_E	1560000	1590000	94.5
Genome_E	1590000	1620000	96.48
Genome_E	1620000	1650000	99.17
Genome_E	1650000	1680000	99.06
Genome_E	1680000	1710000	99.03
Genome_E	1710000	1740000	99.21
Genome_E	1740000	1770000	92.99
Genome_E	1770000	1800000	99.38
Genome_E	1800000	1830000	98.9
Genome_E	1830000	1860000	99.43
Genome_E	1860000	1890000	98.92
Genome_E	1890000	1920000	99.24
Genome_E	1920000	1950000	99.01
Genome_E	1950000	1980000	99.09
Genome_E	1980000	2010000	99.14
Genome_E	2010000	2040000	98.97
Genome_E	2040000	2070000	99.3
Genome_E	2070000	2100000	98.91
Genome_E	2100000	2130000	99.49
Genome_E	2130000	2160000	98.91
Genome_E	2160000	2190000	99.32
Genome_E	2190000	2220000	98.96
Genome_E	2220000	2250000	99.15
Genome_E	2250000	2280000	99.07
Genome_E	2280000	2310000	99.01
Genome_E	2310000	2340000	99.23
Genome_E	2340000	2370000	98.93
Genome_E	2370000	2400000	94.69
Genome_E	2400000	2430000	98.9
Genome_E	2430000	2460000	99.4
Genome_E	2460000	2490000	98.93
Genome_E	2490000	2520000	99.22
Genome_E	2520000	2550000	94.98
Genome_E	2550000	2580000	99.07
Genome_E	2580000	2610000	99.16
Genome_E	2610000	2640000	98.96
Genome_E	2640000	2670000	99.33
Genome_E	2670000	2700000	93.03
Genome_E	2700000	2730000	99.48
Genome_E	2730000	2760000	98.91
Genome_E	2760000	2790000	99.3
Genome_E	2790000	2820000	98.98
Genome_E	2820000	2850000	99.13
Genome_E	2850000	2880000	99.09
Genome_E	2880000	2910000	99
Genome_E	2910000	2940000	99.25
Genome_E	2940000	2970000	98.92
Genome_E	2970000	3e+06	99.43
Genome_E	3e+06	3030000	98.9
Genome_E	3030000	3060000	99.38
Genome_E	3060000	3090000	98.94
Genome_E	3090000	3120000	99.2
Genome_E	3120000	3150000	99.04
Genome_E	3150000	3180000	99.05
Genome_E	3180000	3210000	99.18
Genome_E	3210000	3240000	98.95
Genome_E	3240000	3270000	99.35
Genome_E	3270000	3300000	98.9
Genome_E	3300000	3330000	96.15
Genome_E	3330000	3360000	98.92
Genome_E	3360000	3390000	99.27
Genome_E	3390000	3410000	98.99
Genome_E	3474000	3480000	93.86
Genome_E	3480000	3510000	98.99
Genome_E	3510000	3540000	99.27
Genome_E	3540000	3570000	98.92
Genome_E	3570000	3600000	99.46
Genome_E	3600000	3630000	93.75
Genome_E	3630000	3660000	99.35
Genome_E	3660000	3690000	98.95
Genome_E	3690000	3720000	99.18
Genome_E	3720000	3750000	99.05
Genome_E	3750000	3780000	99.03
Genome_E	3780000	3810000	99.2
Genome_E	3810000	3840000	98.94
Genome_E	3840000	3870000	99.38
Genome_E	3870000	3900000	98.9
Genome_E	3900000	3930000	99.43
Genome_E	3930000	3960000	98.92
Genome_E	3960000	3990000	99.25
Genome_E	3990000	4020000	99
Genome_E	4020000	4050000	99.09
Genome_E	4050000	4080000	99.13
Genome_E	4080000	4110000	98.97
Genome_E	4110000	4140000	99.3
Genome_E	4140000	4170000	98.91
Genome_E	4170000	4200000	99.49
Genome_E	4200000	4230000	98.91
Genome_E	4230000	4260000	96.99
Genome_E	4260000	4290000	98.96
Genome_E	4290000	4320000	99.16
Genome_E	4320000	4350000	99.07
Genome_E	4350000	4380000	99.02
Genome_E	4380000	4410000	93.31
Genome_E	4410000	4440000	98.93
Genome_E	4440000	4470000	99.4
Genome_E	4470000	4500000	98.9
Genome_E	4500000	4530000	99.41
Genome_E	4530000	4560000	95.04
Genome_E	4560000	4590000	99.23
Genome_E	4590000	4620000	99.02
Genome_E	4620000	4650000	99.07
Genome_E	4650000	4680000	99.15
Genome_E	4680000	4710000	98.96
Genome_E	4710000	4740000	99.32
Genome_E	4740000	4770000	98.91
Genome_E	4770000	4800000	99.49
