sample	type	start	end	event_length	source_start
Genome_B	INS	350000	350000	5000	NA
Genome_A	DEL	612000	650000	38000	NA
Genome_B	DEL	612000	650000	38000	NA
Genome_C	DEL	612000	650000	38000	NA
Genome_A	INS	880000	880000	9200	NA
Genome_D	INS	880000	880000	9200	NA
Genome_E	INS	880000	880000	9200	NA
Genome_D	DEL	1940000	1952000	12000	NA
Genome_E	DUP	2230000	2260000	30000	2200000
Genome_C	INS	2550000	2550000	22000	NA
Genome_A	INV	2800000	2910000	110000	NA
Genome_C	DUP	3020000	3038000	18000	1210000
Genome_D	DUP	3020000	3038000	18000	1210000
Genome_B	DEL	3410000	3474000	64000	NA
Genome_E	DEL	3410000	3474000	64000	NA
Genome_A	INS	4120000	4120000	3100	NA
Genome_B	INS	4120000	4120000	3100	NA
Genome_C	INS	4120000	4120000	3100	NA
Genome_D	INS	4120000	4120000	3100	NA
Genome_E	INS	4120000	4120000	3100	NA
Genome_D	INV	4400000	4445000	45000	NA
Genome_E	INV	4400000	4445000	45000	NA
Genome_C	DEL	4600000	4608000	8000	NA
