accession,gene,class,b_start,b_end,a_start,a_end
NC_000932.1,rps12,Ribosomal proteins,98562,98793,139856,140087
NC_000932.1,rps12,Ribosomal proteins,97999,98024,140625,140650
NC_000932.1,rpl2,Ribosomal proteins,84337,85843,152806,154312
NC_000932.1,rpl23,Ribosomal proteins,85862,86143,152506,152787
NC_000932.1,trnI,tRNA and rRNA,86312,86385,152264,152337
NC_000932.1,ycf2,Other genes,86474,93358,145291,152175
NC_000932.1,trnL,tRNA and rRNA,94276,94356,144293,144373
NC_000932.1,ndhB,NADH dehydrogenase,94941,97164,141485,143708
NC_000932.1,rps7,Ribosomal proteins,97478,97945,140704,141171
NC_000932.1,trnV,tRNA and rRNA,100709,100780,137869,137940
NC_000932.1,rrn16,tRNA and rRNA,101012,102502,136147,137637
NC_000932.1,trnI,tRNA and rRNA,102801,103601,135048,135848
NC_000932.1,trnA,tRNA and rRNA,103665,104538,134111,134984
NC_000932.1,rrn23,tRNA and rRNA,104691,107500,131149,133958
NC_000932.1,rrn4.5,tRNA and rRNA,107599,107701,130948,131050
NC_000932.1,trnR,tRNA and rRNA,108302,108375,130274,130347
NC_000932.1,trnN,tRNA and rRNA,109013,109084,129565,129636
