species1	chr1	start1	end1	species2	chr2	start2	end2	orientation
Y. pseudotuberculosis	NC_006155.1	369.875	422.658	Y. pestis CO92	NC_003143.1	247.679	300.41	plus
Y. pseudotuberculosis	NC_006155.1	1552.516	1605.137	Y. pestis CO92	NC_003143.1	1426.425	1479.036	plus
Y. pseudotuberculosis	NC_006155.1	2839.146	2891.805	Y. pestis CO92	NC_003143.1	1845.97	1898.571	minus
Y. pseudotuberculosis	NC_006155.1	683.934	736.909	Y. pestis CO92	NC_003143.1	456.705	509.599	plus
Y. pseudotuberculosis	NC_006155.1	3802.999	3851.798	Y. pestis CO92	NC_003143.1	1056.939	1105.723	plus
Y. pseudotuberculosis	NC_006155.1	746.837	793.88	Y. pestis CO92	NC_003143.1	520.358	567.38	plus
Y. pseudotuberculosis	NC_006155.1	3505.263	3550.079	Y. pestis CO92	NC_003143.1	1178.061	1222.902	minus
Y. pseudotuberculosis	NC_006155.1	3717.969	3761.431	Y. pestis CO92	NC_003143.1	970.028	1013.502	plus
Y. pseudotuberculosis	NC_006155.1	526.391	569.863	Y. pestis CO92	NC_003143.1	3902.271	3945.705	minus
Y. pseudotuberculosis	NC_006155.1	2495.738	2538.759	Y. pestis CO92	NC_003143.1	2471.488	2514.513	plus
Y. pseudotuberculosis	NC_006155.1	4658.544	4701.195	Y. pestis CO92	NC_003143.1	4565.646	4608.202	minus
Y. pseudotuberculosis	NC_006155.1	4703.233	4744.671	Y. pestis CO92	NC_003143.1	4612.315	4653.728	plus
Y. pseudotuberculosis	NC_006155.1	2274.504	2314.714	Y. pestis CO92	NC_003143.1	2196.142	2236.266	plus
Y. pseudotuberculosis	NC_006155.1	3586.462	3626.735	Y. pestis CO92	NC_003143.1	865.709	905.97	plus
Y. pseudotuberculosis	NC_006155.1	1062.358	1101.54	Y. pestis CO92	NC_003143.1	3576.672	3615.86	minus
Y. pseudotuberculosis	NC_006155.1	2738.068	2775.528	Y. pestis CO92	NC_003143.1	2708.1	2745.525	plus
Y. pseudotuberculosis	NC_006155.1	1913.939	1949.867	Y. pestis CO92	NC_003143.1	2135.458	2171.392	plus
Y. pseudotuberculosis	NC_006155.1	4004.516	4041.067	Y. pestis CO92	NC_003143.1	720.242	756.765	minus
Y. pseudotuberculosis	NC_006155.1	2431.95	2467.726	Y. pestis CO92	NC_003143.1	2404.683	2440.431	plus
Y. pseudotuberculosis	NC_006155.1	228.478	263.924	Y. pestis CO92	NC_003143.1	4280.838	4316.337	minus
Y. pseudotuberculosis	NC_006155.1	4559.871	4595.869	Y. pestis CO92	NC_003143.1	4484.1	4520.043	plus
Y. pseudotuberculosis	NC_006155.1	3151.091	3185.704	Y. pestis CO92	NC_003143.1	3285.815	3320.379	plus
Y. pseudotuberculosis	NC_006155.1	2640.042	2672.784	Y. pestis CO92	NC_003143.1	2604.397	2637.101	plus
Y. pseudotuberculosis	NC_006155.1	1629.673	1662.016	Y. pestis CO92	NC_003143.1	1505.467	1537.787	plus
Y. pseudotuberculosis	NC_006155.1	4330.48	4362.369	Y. pestis CO92	NC_003143.1	4137.898	4169.758	plus
Y. pseudotuberculosis	NC_006155.1	1813.264	1844.48	Y. pestis CO92	NC_003143.1	1695.246	1726.455	plus
Y. pseudotuberculosis	NC_006155.1	4066.734	4097.862	Y. pestis CO92	NC_003143.1	661.262	692.404	minus
Y. pseudotuberculosis	NC_006155.1	1132.337	1162.527	Y. pestis CO92	NC_003143.1	3511.532	3541.724	minus
Y. pseudotuberculosis	NC_006155.1	1991.547	2021.636	Y. pestis CO92	NC_003143.1	2009.456	2039.586	plus
Y. pseudotuberculosis	NC_006155.1	1305.117	1335.225	Y. pestis CO92	NC_003143.1	2916.189	2946.292	plus
Y. pseudotuberculosis	NC_006155.1	4110.805	4140.692	Y. pestis CO92	NC_003143.1	628.767	658.552	minus
Y. pseudotuberculosis	NC_006155.1	2692.317	2721.329	Y. pestis CO92	NC_003143.1	2659.975	2688.99	plus
Y. pseudotuberculosis	NC_006155.1	3211.411	3240.886	Y. pestis CO92	NC_003143.1	3346.824	3376.262	plus
Y. pseudotuberculosis	NC_006155.1	1844.472	1873.257	Y. pestis CO92	NC_003143.1	1729.117	1757.866	plus
Y. pseudotuberculosis	NC_006155.1	3257.722	3286.144	Y. pestis CO92	NC_003143.1	3389.07	3417.502	plus
Y. pseudotuberculosis	NC_006155.1	1359.445	1387.252	Y. pestis CO92	NC_003143.1	1245.505	1273.311	plus
Y. pseudotuberculosis	NC_006155.1	4398.75	4426.461	Y. pestis CO92	NC_003143.1	192.004	219.706	minus
Y. pseudotuberculosis	NC_006155.1	569.856	597.107	Y. pestis CO92	NC_003143.1	3873.574	3900.834	minus
Y. pseudotuberculosis	NC_006155.1	3653.799	3681.65	Y. pestis CO92	NC_003143.1	935.654	963.492	plus
Y. pseudotuberculosis	NC_006155.1	70.689	97.901	Y. pestis CO92	NC_003143.1	73.078	100.271	plus
Y. pseudotuberculosis	NC_006155.1	1470.754	1497.596	Y. pestis CO92	NC_003143.1	1343.776	1370.649	plus
Y. pseudotuberculosis	NC_006155.1	1662.009	1688.497	Y. pestis CO92	NC_003143.1	1538.49	1564.931	plus
Y. pseudotuberculosis	NC_006155.1	936.406	962.723	Y. pestis CO92	NC_003143.1	3714.788	3741.105	minus
Y. pseudotuberculosis	NC_006155.1	462.245	488.414	Y. pestis CO92	NC_003143.1	340.694	366.839	plus
Y. pseudotuberculosis	NC_006155.1	812.291	838.273	Y. pestis CO92	NC_003143.1	587.0	612.966	plus
Y. pseudotuberculosis	NC_006155.1	4373.457	4398.757	Y. pestis CO92	NC_003143.1	220.409	245.725	minus
Y. pseudotuberculosis	NC_006155.1	1510.335	1536.004	Y. pestis CO92	NC_003143.1	1384.04	1409.705	plus
Y. pseudotuberculosis	NC_006155.1	1162.556	1188.234	Y. pestis CO92	NC_003143.1	3485.924	3511.552	minus
Y. pseudotuberculosis	NC_006155.1	4271.318	4297.1	Y. pestis CO92	NC_003143.1	4034.44	4060.182	minus
Y. pseudotuberculosis	NC_006155.1	1761.461	1787.459	Y. pestis CO92	NC_003143.1	1642.063	1668.061	plus
Y. pseudotuberculosis	NC_006155.1	123.033	148.437	Y. pestis CO92	NC_003143.1	4392.127	4417.515	minus
Y. pseudotuberculosis	NC_006155.1	1716.725	1741.751	Y. pestis CO92	NC_003143.1	1593.753	1618.719	plus
Y. pseudotuberculosis	NC_006155.1	4040.942	4065.389	Y. pestis CO92	NC_003143.1	695.664	720.121	minus
Y. pseudotuberculosis	NC_006155.1	3418.561	3442.354	Y. pestis CO92	NC_003143.1	3025.14	3048.934	minus
Y. pseudotuberculosis	NC_006155.1	4230.157	4253.939	Y. pestis CO92	NC_003143.1	4077.681	4101.464	minus
Y. pseudotuberculosis	NC_006155.1	3922.819	3947.055	Y. pestis CO92	NC_003143.1	1108.882	1133.155	minus
Y. pseudotuberculosis	NC_006155.1	1448.739	1470.793	Y. pestis CO92	NC_003143.1	1321.832	1343.871	plus
Y. pseudotuberculosis	NC_006155.1	1024.033	1045.797	Y. pestis CO92	NC_003143.1	3627.21	3648.961	minus
Y. pseudotuberculosis	NC_006155.1	3975.747	3997.413	Y. pestis CO92	NC_003143.1	758.179	779.858	minus
Y. pseudotuberculosis	NC_006155.1	2816.835	2838.929	Y. pestis CO92	NC_003143.1	1906.732	1928.872	minus
Y. pseudotuberculosis	NC_006155.1	500.733	521.807	Y. pestis CO92	NC_003143.1	379.433	400.483	plus
Y. pseudotuberculosis	NC_006155.1	2076.083	2097.023	Y. pestis CO92	NC_003143.1	2094.451	2115.397	plus
Y. pseudotuberculosis	NC_006155.1	422.642	443.802	Y. pestis CO92	NC_003143.1	301.105	322.254	plus
Y. pseudotuberculosis	NC_006155.1	1207.428	1227.714	Y. pestis CO92	NC_003143.1	3444.566	3464.882	minus
Y. pseudotuberculosis	NC_006155.1	1688.55	1708.787	Y. pestis CO92	NC_003143.1	1564.934	1585.16	plus
Y. pseudotuberculosis	NC_006155.1	3046.36	3066.496	Y. pestis CO92	NC_003143.1	2854.887	2875.03	plus
Y. pseudotuberculosis	NC_006155.1	2334.037	2354.026	Y. pestis CO92	NC_003143.1	2258.551	2278.555	plus
Y. pseudotuberculosis	NC_006155.1	882.599	902.353	Y. pestis CO92	NC_003143.1	3773.757	3793.54	minus
Y. pseudotuberculosis	NC_006155.1	103.471	123.036	Y. pestis CO92	NC_003143.1	107.532	127.107	plus
Y. pseudotuberculosis	NC_006155.1	3772.111	3792.846	Y. pestis CO92	NC_003143.1	1026.253	1047.029	plus
Y. pseudotuberculosis	NC_006155.1	2980.785	3000.106	Y. pestis CO92	NC_003143.1	2787.753	2807.087	plus
Y. pseudotuberculosis	NC_006155.1	2616.612	2635.652	Y. pestis CO92	NC_003143.1	2580.074	2599.113	plus
Y. pseudotuberculosis	NC_006155.1	3322.535	3341.794	Y. pestis CO92	NC_003143.1	3179.01	3198.226	plus
Y. pseudotuberculosis	NC_006155.1	2315.359	2334.045	Y. pestis CO92	NC_003143.1	2238.553	2257.236	plus
Y. pseudotuberculosis	NC_006155.1	2413.505	2431.981	Y. pestis CO92	NC_003143.1	2344.559	2362.99	plus
Y. pseudotuberculosis	NC_006155.1	1895.186	1913.69	Y. pestis CO92	NC_003143.1	1779.094	1797.586	plus
Y. pseudotuberculosis	NC_006155.1	443.809	462.262	Y. pestis CO92	NC_003143.1	322.212	340.681	plus
Y. pseudotuberculosis	NC_006155.1	598.476	616.698	Y. pestis CO92	NC_003143.1	3854.047	3872.268	minus
Y. pseudotuberculosis	NC_006155.1	4156.733	4174.498	Y. pestis CO92	NC_003143.1	3955.354	3973.093	plus
Y. pseudotuberculosis	NC_006155.1	0.0	17.469	Y. pestis CO92	NC_003143.1	0.0	17.484	plus
Y. pseudotuberculosis	NC_006155.1	1189.737	1207.374	Y. pestis CO92	NC_003143.1	3464.874	3482.498	minus
Y. pseudotuberculosis	NC_006155.1	3562.594	3579.591	Y. pestis CO92	NC_003143.1	1147.882	1164.892	minus
Y. pseudotuberculosis	NC_006155.1	962.718	979.893	Y. pestis CO92	NC_003143.1	3696.912	3714.083	minus
Y. pseudotuberculosis	NC_006155.1	53.844	70.622	Y. pestis CO92	NC_003143.1	56.309	73.087	plus
Y. pseudotuberculosis	NC_006155.1	4441.925	4458.924	Y. pestis CO92	NC_003143.1	157.523	174.54	minus
Y. pseudotuberculosis	NC_006155.1	914.933	931.969	Y. pestis CO92	NC_003143.1	3744.072	3761.075	minus
Y. pseudotuberculosis	NC_006155.1	1795.945	1813.271	Y. pestis CO92	NC_003143.1	1676.623	1693.93	plus
Y. pseudotuberculosis	NC_006155.1	2059.311	2076.081	Y. pestis CO92	NC_003143.1	2077.721	2094.481	plus
Y. pseudotuberculosis	NC_006155.1	4313.84	4330.483	Y. pestis CO92	NC_003143.1	4000.979	4017.624	minus
Y. pseudotuberculosis	NC_006155.1	641.448	658.271	Y. pestis CO92	NC_003143.1	420.186	437.021	plus
Y. pseudotuberculosis	NC_006155.1	2233.058	2249.487	Y. pestis CO92	NC_003143.1	2118.53	2134.941	plus
Y. pseudotuberculosis	NC_006155.1	2775.52	2791.612	Y. pestis CO92	NC_003143.1	1956.017	1972.112	minus
Y. pseudotuberculosis	NC_006155.1	1960.468	1976.415	Y. pestis CO92	NC_003143.1	1976.635	1992.559	plus
Y. pseudotuberculosis	NC_006155.1	3454.343	3470.339	Y. pestis CO92	NC_003143.1	2997.526	3013.534	minus
Y. pseudotuberculosis	NC_006155.1	3080.209	3095.867	Y. pestis CO92	NC_003143.1	3099.016	3114.646	minus
Y. pseudotuberculosis	NC_006155.1	4426.456	4441.953	Y. pestis CO92	NC_003143.1	174.548	190.05	minus
Y. pseudotuberculosis	NC_006155.1	38.64	53.742	Y. pestis CO92	NC_003143.1	41.223	56.325	plus
Y. pseudotuberculosis	NC_006155.1	2965.089	2980.498	Y. pestis CO92	NC_003143.1	2769.473	2784.906	plus
Y. pseudotuberculosis	NC_006155.1	329.827	344.546	Y. pestis CO92	NC_003143.1	4197.244	4211.963	minus
Y. pseudotuberculosis	NC_006155.1	3019.411	3034.567	Y. pestis CO92	NC_003143.1	2828.132	2843.235	plus
Y. pseudotuberculosis	NC_006155.1	2260.28	2274.467	Y. pestis CO92	NC_003143.1	2181.962	2196.149	plus
Y. pseudotuberculosis	NC_006155.1	2481.447	2495.746	Y. pestis CO92	NC_003143.1	2455.904	2470.173	plus
Y. pseudotuberculosis	NC_006155.1	148.794	163.307	Y. pestis CO92	NC_003143.1	4377.265	4391.758	minus
Y. pseudotuberculosis	NC_006155.1	2724.545	2738.086	Y. pestis CO92	NC_003143.1	2694.631	2708.154	plus
Y. pseudotuberculosis	NC_006155.1	4207.325	4221.265	Y. pestis CO92	NC_003143.1	4113.182	4127.098	minus
Y. pseudotuberculosis	NC_006155.1	4494.705	4510.384	Y. pestis CO92	NC_003143.1	4425.324	4441.0	plus
Y. pseudotuberculosis	NC_006155.1	4140.684	4153.832	Y. pestis CO92	NC_003143.1	614.918	628.065	minus
Y. pseudotuberculosis	NC_006155.1	843.67	856.828	Y. pestis CO92	NC_003143.1	3819.736	3832.927	minus
Y. pseudotuberculosis	NC_006155.1	2798.781	2811.882	Y. pestis CO92	NC_003143.1	1935.869	1948.973	minus
Y. pseudotuberculosis	NC_006155.1	2400.378	2413.498	Y. pestis CO92	NC_003143.1	2331.483	2344.584	plus
Y. pseudotuberculosis	NC_006155.1	3112.623	3125.635	Y. pestis CO92	NC_003143.1	3068.729	3081.687	minus
Y. pseudotuberculosis	NC_006155.1	3298.185	3311.178	Y. pestis CO92	NC_003143.1	3154.727	3167.743	plus
Y. pseudotuberculosis	NC_006155.1	4253.762	4266.702	Y. pestis CO92	NC_003143.1	4065.082	4077.982	minus
Y. pseudotuberculosis	NC_006155.1	3344.782	3357.675	Y. pestis CO92	NC_003143.1	3203.232	3216.086	plus
Y. pseudotuberculosis	NC_006155.1	2353.92	2366.752	Y. pestis CO92	NC_003143.1	2282.046	2294.861	plus
Y. pseudotuberculosis	NC_006155.1	1497.619	1510.343	Y. pestis CO92	NC_003143.1	1370.634	1383.338	plus
Y. pseudotuberculosis	NC_006155.1	1284.327	1297.457	Y. pestis CO92	NC_003143.1	2895.464	2908.54	plus
Y. pseudotuberculosis	NC_006155.1	3470.504	3483.335	Y. pestis CO92	NC_003143.1	2984.726	2997.548	minus
Y. pseudotuberculosis	NC_006155.1	2033.226	2045.993	Y. pestis CO92	NC_003143.1	2051.776	2064.564	plus
Y. pseudotuberculosis	NC_006155.1	3404.52	3417.278	Y. pestis CO92	NC_003143.1	3260.353	3273.089	plus
Y. pseudotuberculosis	NC_006155.1	26.04	38.645	Y. pestis CO92	NC_003143.1	26.688	39.269	plus
Y. pseudotuberculosis	NC_006155.1	317.456	329.832	Y. pestis CO92	NC_003143.1	4213.917	4226.29	minus
Y. pseudotuberculosis	NC_006155.1	1344.638	1357.04	Y. pestis CO92	NC_003143.1	2956.258	2968.629	plus
Y. pseudotuberculosis	NC_006155.1	344.543	356.916	Y. pestis CO92	NC_003143.1	4184.162	4196.536	minus
Y. pseudotuberculosis	NC_006155.1	869.951	882.599	Y. pestis CO92	NC_003143.1	3793.498	3806.094	minus
Y. pseudotuberculosis	NC_006155.1	1011.984	1024.241	Y. pestis CO92	NC_003143.1	3648.689	3660.944	minus
Y. pseudotuberculosis	NC_006155.1	1231.384	1243.853	Y. pestis CO92	NC_003143.1	3428.413	3440.862	minus
Y. pseudotuberculosis	NC_006155.1	4533.195	4545.362	Y. pestis CO92	NC_003143.1	4456.217	4468.384	plus
Y. pseudotuberculosis	NC_006155.1	3626.729	3638.821	Y. pestis CO92	NC_003143.1	908.633	920.705	plus
Y. pseudotuberculosis	NC_006155.1	1101.7	1113.753	Y. pestis CO92	NC_003143.1	3562.367	3574.42	minus
Y. pseudotuberculosis	NC_006155.1	4466.114	4478.153	Y. pestis CO92	NC_003143.1	138.719	150.763	minus
Y. pseudotuberculosis	NC_006155.1	3638.983	3650.783	Y. pestis CO92	NC_003143.1	920.68	932.48	plus
Y. pseudotuberculosis	NC_006155.1	275.848	287.727	Y. pestis CO92	NC_003143.1	4256.536	4268.414	minus
Y. pseudotuberculosis	NC_006155.1	4595.864	4607.569	Y. pestis CO92	NC_003143.1	4521.997	4533.723	plus
Y. pseudotuberculosis	NC_006155.1	192.023	203.503	Y. pestis CO92	NC_003143.1	4338.981	4350.46	minus
Y. pseudotuberculosis	NC_006155.1	3185.877	3197.722	Y. pestis CO92	NC_003143.1	3320.428	3332.283	plus
Y. pseudotuberculosis	NC_006155.1	3484.371	3495.814	Y. pestis CO92	NC_003143.1	2970.818	2982.276	minus
Y. pseudotuberculosis	NC_006155.1	3311.199	3322.498	Y. pestis CO92	NC_003143.1	3167.712	3179.011	plus
Y. pseudotuberculosis	NC_006155.1	203.539	214.829	Y. pestis CO92	NC_003143.1	4327.723	4338.996	minus
Y. pseudotuberculosis	NC_006155.1	3007.82	3019.416	Y. pestis CO92	NC_003143.1	2814.585	2826.178	plus
Y. pseudotuberculosis	NC_006155.1	2554.581	2565.731	Y. pestis CO92	NC_003143.1	2530.01	2541.161	plus
Y. pseudotuberculosis	NC_006155.1	2681.228	2692.326	Y. pestis CO92	NC_003143.1	2646.947	2658.025	plus
Y. pseudotuberculosis	NC_006155.1	4362.35	4373.263	Y. pestis CO92	NC_003143.1	4169.922	4180.828	plus
Y. pseudotuberculosis	NC_006155.1	1243.842	1254.578	Y. pestis CO92	NC_003143.1	3142.383	3153.108	minus
Y. pseudotuberculosis	NC_006155.1	3066.863	3077.643	Y. pestis CO92	NC_003143.1	2875.028	2885.776	plus
Y. pseudotuberculosis	NC_006155.1	1402.671	1413.356	Y. pestis CO92	NC_003143.1	1290.215	1300.888	plus
Y. pseudotuberculosis	NC_006155.1	2570.96	2581.681	Y. pestis CO92	NC_003143.1	2541.927	2552.639	plus
Y. pseudotuberculosis	NC_006155.1	3867.077	3879.391	Y. pestis CO92	NC_003143.1	817.068	829.379	plus
Y. pseudotuberculosis	NC_006155.1	3377.49	3388.077	Y. pestis CO92	NC_003143.1	3232.03	3242.635	plus
Y. pseudotuberculosis	NC_006155.1	3034.6	3045.493	Y. pestis CO92	NC_003143.1	2843.223	2854.103	plus
Y. pseudotuberculosis	NC_006155.1	1254.572	1265.183	Y. pestis CO92	NC_003143.1	3129.777	3140.43	minus
Y. pseudotuberculosis	NC_006155.1	1611.721	1622.031	Y. pestis CO92	NC_003143.1	1485.523	1495.83	plus
Y. pseudotuberculosis	NC_006155.1	3200.87	3211.26	Y. pestis CO92	NC_003143.1	3335.644	3346.003	plus
Y. pseudotuberculosis	NC_006155.1	1422.738	1433.144	Y. pestis CO92	NC_003143.1	1310.763	1321.133	plus
Y. pseudotuberculosis	NC_006155.1	1392.555	1402.719	Y. pestis CO92	NC_003143.1	1280.015	1290.178	plus
Y. pseudotuberculosis	NC_006155.1	4478.042	4488.185	Y. pestis CO92	NC_003143.1	128.548	138.694	minus
Y. pseudotuberculosis	NC_006155.1	859.674	869.835	Y. pestis CO92	NC_003143.1	3806.056	3816.224	minus
Y. pseudotuberculosis	NC_006155.1	4545.356	4555.737	Y. pestis CO92	NC_003143.1	4469.088	4479.471	plus
Y. pseudotuberculosis	NC_006155.1	664.215	674.255	Y. pestis CO92	NC_003143.1	437.408	447.448	plus
Y. pseudotuberculosis	NC_006155.1	1976.408	1986.468	Y. pestis CO92	NC_003143.1	1994.511	2004.539	plus
Y. pseudotuberculosis	NC_006155.1	618.457	628.472	Y. pestis CO92	NC_003143.1	3842.08	3852.095	minus
Y. pseudotuberculosis	NC_006155.1	369.875	462.262	Y. pestis KIM10+	NC_004088.1	574.512	666.829	plus
Y. pseudotuberculosis	NC_006155.1	3562.594	3626.735	Y. pestis KIM10+	NC_004088.1	3471.859	3535.994	plus
Y. pseudotuberculosis	NC_006155.1	2839.146	2892.079	Y. pestis KIM10+	NC_004088.1	1961.004	2013.887	minus
Y. pseudotuberculosis	NC_006155.1	1552.516	1605.14	Y. pestis KIM10+	NC_004088.1	3168.691	3221.297	minus
Y. pseudotuberculosis	NC_006155.1	1062.358	1113.747	Y. pestis KIM10+	NC_004088.1	1062.705	1114.108	plus
Y. pseudotuberculosis	NC_006155.1	3802.999	3851.798	Y. pestis KIM10+	NC_004088.1	3685.017	3733.825	plus
Y. pseudotuberculosis	NC_006155.1	746.837	793.88	Y. pestis KIM10+	NC_004088.1	4051.221	4098.244	minus
Y. pseudotuberculosis	NC_006155.1	1297.424	1344.646	Y. pestis KIM10+	NC_004088.1	1304.604	1351.845	plus
Y. pseudotuberculosis	NC_006155.1	3505.263	3550.079	Y. pestis KIM10+	NC_004088.1	3411.905	3456.731	plus
Y. pseudotuberculosis	NC_006155.1	526.391	569.863	Y. pestis KIM10+	NC_004088.1	733.036	776.494	plus
Y. pseudotuberculosis	NC_006155.1	3717.969	3761.431	Y. pestis KIM10+	NC_004088.1	3600.06	3643.51	plus
Y. pseudotuberculosis	NC_006155.1	4398.75	4441.953	Y. pestis KIM10+	NC_004088.1	4397.605	4440.81	minus
Y. pseudotuberculosis	NC_006155.1	4658.544	4701.195	Y. pestis KIM10+	NC_004088.1	4512.433	4554.988	minus
Y. pseudotuberculosis	NC_006155.1	4703.233	4744.671	Y. pestis KIM10+	NC_004088.1	4559.093	4600.506	plus
Y. pseudotuberculosis	NC_006155.1	4330.48	4370.994	Y. pestis KIM10+	NC_004088.1	13.855	54.361	minus
Y. pseudotuberculosis	NC_006155.1	695.838	736.909	Y. pestis KIM10+	NC_004088.1	4109.003	4150.036	minus
Y. pseudotuberculosis	NC_006155.1	2274.504	2314.714	Y. pestis KIM10+	NC_004088.1	2580.539	2620.655	minus
Y. pseudotuberculosis	NC_006155.1	2738.068	2775.528	Y. pestis KIM10+	NC_004088.1	2088.732	2126.157	minus
Y. pseudotuberculosis	NC_006155.1	1913.939	1949.867	Y. pestis KIM10+	NC_004088.1	2645.405	2681.339	minus
Y. pseudotuberculosis	NC_006155.1	4004.516	4041.067	Y. pestis KIM10+	NC_004088.1	3865.766	3902.289	plus
Y. pseudotuberculosis	NC_006155.1	3960.376	3997.413	Y. pestis KIM10+	NC_004088.1	3827.973	3865.062	plus
Y. pseudotuberculosis	NC_006155.1	2431.95	2467.729	Y. pestis KIM10+	NC_004088.1	2379.772	2415.509	minus
Y. pseudotuberculosis	NC_006155.1	4559.871	4595.875	Y. pestis KIM10+	NC_004088.1	4249.075	4285.018	minus
Y. pseudotuberculosis	NC_006155.1	3151.091	3185.704	Y. pestis KIM10+	NC_004088.1	1674.3	1708.893	minus
Y. pseudotuberculosis	NC_006155.1	1629.673	1662.016	Y. pestis KIM10+	NC_004088.1	3111.902	3144.222	minus
Y. pseudotuberculosis	NC_006155.1	70.689	101.955	Y. pestis KIM10+	NC_004088.1	57.087	88.301	minus
Y. pseudotuberculosis	NC_006155.1	1813.264	1844.48	Y. pestis KIM10+	NC_004088.1	2921.193	2952.387	minus
Y. pseudotuberculosis	NC_006155.1	462.245	493.295	Y. pestis KIM10+	NC_004088.1	666.842	697.868	plus
Y. pseudotuberculosis	NC_006155.1	4066.734	4097.862	Y. pestis KIM10+	NC_004088.1	3928.134	3959.276	plus
Y. pseudotuberculosis	NC_006155.1	1132.337	1162.527	Y. pestis KIM10+	NC_004088.1	1136.004	1166.196	plus
Y. pseudotuberculosis	NC_006155.1	1991.547	2021.636	Y. pestis KIM10+	NC_004088.1	2777.129	2807.259	minus
Y. pseudotuberculosis	NC_006155.1	4110.805	4140.692	Y. pestis KIM10+	NC_004088.1	3961.986	3991.771	plus
Y. pseudotuberculosis	NC_006155.1	3211.411	3240.886	Y. pestis KIM10+	NC_004088.1	1618.383	1647.82	minus
Y. pseudotuberculosis	NC_006155.1	228.478	257.239	Y. pestis KIM10+	NC_004088.1	429.351	458.144	plus
Y. pseudotuberculosis	NC_006155.1	3257.722	3286.147	Y. pestis KIM10+	NC_004088.1	1577.147	1605.582	minus
Y. pseudotuberculosis	NC_006155.1	2510.422	2538.759	Y. pestis KIM10+	NC_004088.1	2262.466	2290.784	plus
Y. pseudotuberculosis	NC_006155.1	1359.445	1387.252	Y. pestis KIM10+	NC_004088.1	3361.514	3389.32	minus
Y. pseudotuberculosis	NC_006155.1	569.856	597.107	Y. pestis KIM10+	NC_004088.1	777.931	805.191	plus
Y. pseudotuberculosis	NC_006155.1	3653.799	3681.65	Y. pestis KIM10+	NC_004088.1	3565.677	3593.524	plus
Y. pseudotuberculosis	NC_006155.1	936.403	962.723	Y. pestis KIM10+	NC_004088.1	937.475	963.795	plus
Y. pseudotuberculosis	NC_006155.1	812.291	838.273	Y. pestis KIM10+	NC_004088.1	4007.572	4033.538	minus
Y. pseudotuberculosis	NC_006155.1	1960.468	1986.468	Y. pestis KIM10+	NC_004088.1	2812.176	2838.108	minus
Y. pseudotuberculosis	NC_006155.1	4373.457	4398.757	Y. pestis KIM10+	NC_004088.1	4441.513	4466.829	minus
Y. pseudotuberculosis	NC_006155.1	4040.942	4066.701	Y. pestis KIM10+	NC_004088.1	3902.41	3928.146	plus
Y. pseudotuberculosis	NC_006155.1	1162.556	1188.234	Y. pestis KIM10+	NC_004088.1	1166.176	1191.804	plus
Y. pseudotuberculosis	NC_006155.1	4271.318	4297.094	Y. pestis KIM10+	NC_004088.1	243.108	268.859	plus
Y. pseudotuberculosis	NC_006155.1	3417.272	3442.371	Y. pestis KIM10+	NC_004088.1	1420.055	1445.153	minus
Y. pseudotuberculosis	NC_006155.1	1761.464	1787.459	Y. pestis KIM10+	NC_004088.1	2979.573	3005.559	minus
Y. pseudotuberculosis	NC_006155.1	123.033	148.431	Y. pestis KIM10+	NC_004088.1	328.172	353.554	plus
Y. pseudotuberculosis	NC_006155.1	1716.728	1741.751	Y. pestis KIM10+	NC_004088.1	3028.974	3053.973	minus
Y. pseudotuberculosis	NC_006155.1	4230.154	4253.939	Y. pestis KIM10+	NC_004088.1	201.823	225.609	plus
Y. pseudotuberculosis	NC_006155.1	3922.819	3947.055	Y. pestis KIM10+	NC_004088.1	3736.984	3761.229	minus
Y. pseudotuberculosis	NC_006155.1	1024.033	1045.797	Y. pestis KIM10+	NC_004088.1	1029.601	1051.352	plus
Y. pseudotuberculosis	NC_006155.1	2816.835	2838.929	Y. pestis KIM10+	NC_004088.1	2022.049	2044.213	minus
Y. pseudotuberculosis	NC_006155.1	1851.89	1873.257	Y. pestis KIM10+	NC_004088.1	2891.715	2913.045	minus
Y. pseudotuberculosis	NC_006155.1	500.733	521.807	Y. pestis KIM10+	NC_004088.1	704.793	725.843	plus
Y. pseudotuberculosis	NC_006155.1	101.948	123.036	Y. pestis KIM10+	NC_004088.1	305.661	326.73	plus
Y. pseudotuberculosis	NC_006155.1	2076.083	2097.023	Y. pestis KIM10+	NC_004088.1	2701.43	2722.376	minus
Y. pseudotuberculosis	NC_006155.1	1476.691	1497.596	Y. pestis KIM10+	NC_004088.1	3277.092	3298.004	minus
Y. pseudotuberculosis	NC_006155.1	2652.094	2672.784	Y. pestis KIM10+	NC_004088.1	2189.897	2210.57	minus
Y. pseudotuberculosis	NC_006155.1	3868.25	3889.258	Y. pestis KIM10+	NC_004088.1	3798.045	3819.039	minus
Y. pseudotuberculosis	NC_006155.1	1207.428	1227.711	Y. pestis KIM10+	NC_004088.1	1210.888	1231.195	plus
Y. pseudotuberculosis	NC_006155.1	1688.55	1708.787	Y. pestis KIM10+	NC_004088.1	3062.569	3082.803	minus
Y. pseudotuberculosis	NC_006155.1	3046.363	3066.496	Y. pestis KIM10+	NC_004088.1	1797.131	1817.271	minus
Y. pseudotuberculosis	NC_006155.1	2334.037	2354.026	Y. pestis KIM10+	NC_004088.1	2538.295	2558.299	minus
Y. pseudotuberculosis	NC_006155.1	3772.111	3792.846	Y. pestis KIM10+	NC_004088.1	3654.331	3675.107	plus
Y. pseudotuberculosis	NC_006155.1	2616.612	2635.652	Y. pestis KIM10+	NC_004088.1	2348.506	2367.546	plus
Y. pseudotuberculosis	NC_006155.1	3322.535	3341.794	Y. pestis KIM10+	NC_004088.1	1521.8	1541.036	minus
Y. pseudotuberculosis	NC_006155.1	2681.234	2699.973	Y. pestis KIM10+	NC_004088.1	2161.324	2180.044	minus
Y. pseudotuberculosis	NC_006155.1	1188.128	1207.374	Y. pestis KIM10+	NC_004088.1	1191.664	1210.896	plus
Y. pseudotuberculosis	NC_006155.1	2315.359	2334.045	Y. pestis KIM10+	NC_004088.1	2559.614	2578.281	minus
Y. pseudotuberculosis	NC_006155.1	2413.505	2431.981	Y. pestis KIM10+	NC_004088.1	2456.492	2474.924	minus
Y. pseudotuberculosis	NC_006155.1	1895.186	1913.69	Y. pestis KIM10+	NC_004088.1	2852.015	2870.488	minus
Y. pseudotuberculosis	NC_006155.1	598.476	616.698	Y. pestis KIM10+	NC_004088.1	806.497	824.718	plus
Y. pseudotuberculosis	NC_006155.1	913.448	931.969	Y. pestis KIM10+	NC_004088.1	916.007	934.479	plus
Y. pseudotuberculosis	NC_006155.1	3080.209	3097.934	Y. pestis KIM10+	NC_004088.1	1764.778	1782.459	minus
Y. pseudotuberculosis	NC_006155.1	4156.733	4174.498	Y. pestis KIM10+	NC_004088.1	125.127	142.857	plus
Y. pseudotuberculosis	NC_006155.1	0.249	17.395	Y. pestis KIM10+	NC_004088.1	0.0	17.16	plus
Y. pseudotuberculosis	NC_006155.1	962.718	979.89	Y. pestis KIM10+	NC_004088.1	964.5	981.668	plus
Y. pseudotuberculosis	NC_006155.1	4441.925	4458.924	Y. pestis KIM10+	NC_004088.1	4380.604	4397.585	minus
Y. pseudotuberculosis	NC_006155.1	53.844	70.622	Y. pestis KIM10+	NC_004088.1	88.292	105.07	minus
Y. pseudotuberculosis	NC_006155.1	1795.945	1813.271	Y. pestis KIM10+	NC_004088.1	2953.703	2971.011	minus
Y. pseudotuberculosis	NC_006155.1	2059.279	2076.081	Y. pestis KIM10+	NC_004088.1	2722.346	2739.137	minus
Y. pseudotuberculosis	NC_006155.1	4313.84	4330.483	Y. pestis KIM10+	NC_004088.1	285.68	302.324	plus
Y. pseudotuberculosis	NC_006155.1	4190.817	4207.329	Y. pestis KIM10+	NC_004088.1	159.571	176.07	plus
Y. pseudotuberculosis	NC_006155.1	641.461	658.271	Y. pestis KIM10+	NC_004088.1	4183.568	4200.386	minus
Y. pseudotuberculosis	NC_006155.1	2029.604	2045.999	Y. pestis KIM10+	NC_004088.1	2752.288	2768.704	minus
Y. pseudotuberculosis	NC_006155.1	2233.058	2249.487	Y. pestis KIM10+	NC_004088.1	2681.856	2698.261	minus
Y. pseudotuberculosis	NC_006155.1	2775.52	2791.612	Y. pestis KIM10+	NC_004088.1	2071.322	2087.417	minus
Y. pseudotuberculosis	NC_006155.1	3470.504	3486.572	Y. pestis KIM10+	NC_004088.1	1376.399	1392.463	minus
Y. pseudotuberculosis	NC_006155.1	3454.343	3470.339	Y. pestis KIM10+	NC_004088.1	1392.441	1408.449	minus
Y. pseudotuberculosis	NC_006155.1	882.599	898.536	Y. pestis KIM10+	NC_004088.1	885.016	901.0	plus
Y. pseudotuberculosis	NC_006155.1	1662.009	1677.554	Y. pestis KIM10+	NC_004088.1	3095.669	3111.199	minus
Y. pseudotuberculosis	NC_006155.1	38.64	53.742	Y. pestis KIM10+	NC_004088.1	105.054	120.156	minus
Y. pseudotuberculosis	NC_006155.1	1387.689	1402.719	Y. pestis KIM10+	NC_004088.1	3346.606	3361.617	minus
Y. pseudotuberculosis	NC_006155.1	329.827	344.546	Y. pestis KIM10+	NC_004088.1	533.751	548.47	plus
Y. pseudotuberculosis	NC_006155.1	3019.411	3034.567	Y. pestis KIM10+	NC_004088.1	1828.933	1844.037	minus
Y. pseudotuberculosis	NC_006155.1	1746.796	1761.464	Y. pestis KIM10+	NC_004088.1	3005.88	3020.548	minus
Y. pseudotuberculosis	NC_006155.1	898.505	913.504	Y. pestis KIM10+	NC_004088.1	900.935	915.906	plus
Y. pseudotuberculosis	NC_006155.1	1510.335	1525.115	Y. pestis KIM10+	NC_004088.1	3248.926	3263.7	minus
Y. pseudotuberculosis	NC_006155.1	2495.738	2510.471	Y. pestis KIM10+	NC_004088.1	2247.73	2262.481	plus
Y. pseudotuberculosis	NC_006155.1	1462.159	1476.708	Y. pestis KIM10+	NC_004088.1	3298.017	3312.517	minus
Y. pseudotuberculosis	NC_006155.1	2260.283	2274.467	Y. pestis KIM10+	NC_004088.1	2620.648	2634.832	minus
Y. pseudotuberculosis	NC_006155.1	2481.447	2495.746	Y. pestis KIM10+	NC_004088.1	2232.139	2246.415	plus
Y. pseudotuberculosis	NC_006155.1	148.791	163.307	Y. pestis KIM10+	NC_004088.1	353.926	368.422	plus
Y. pseudotuberculosis	NC_006155.1	2724.156	2738.089	Y. pestis KIM10+	NC_004088.1	2126.1	2140.015	minus
Y. pseudotuberculosis	NC_006155.1	2980.785	2994.646	Y. pestis KIM10+	NC_004088.1	1870.487	1884.347	minus
Y. pseudotuberculosis	NC_006155.1	2967.099	2980.501	Y. pestis KIM10+	NC_004088.1	1887.191	1900.593	minus
Y. pseudotuberculosis	NC_006155.1	1448.739	1462.208	Y. pestis KIM10+	NC_004088.1	3312.58	3326.048	minus
Y. pseudotuberculosis	NC_006155.1	4207.322	4221.259	Y. pestis KIM10+	NC_004088.1	176.188	190.101	plus
Y. pseudotuberculosis	NC_006155.1	4140.684	4153.832	Y. pestis KIM10+	NC_004088.1	3992.473	4005.62	plus
Y. pseudotuberculosis	NC_006155.1	4494.74	4510.384	Y. pestis KIM10+	NC_004088.1	4328.082	4343.723	minus
Y. pseudotuberculosis	NC_006155.1	2798.781	2811.882	Y. pestis KIM10+	NC_004088.1	2051.193	2064.278	minus
Y. pseudotuberculosis	NC_006155.1	2400.378	2413.498	Y. pestis KIM10+	NC_004088.1	2474.899	2488.0	minus
Y. pseudotuberculosis	NC_006155.1	2601.129	2614.275	Y. pestis KIM10+	NC_004088.1	2333.263	2346.412	plus
Y. pseudotuberculosis	NC_006155.1	3377.49	3390.418	Y. pestis KIM10+	NC_004088.1	1475.248	1488.176	minus
Y. pseudotuberculosis	NC_006155.1	3298.185	3311.178	Y. pestis KIM10+	NC_004088.1	1552.302	1565.318	minus
Y. pseudotuberculosis	NC_006155.1	3112.69	3125.635	Y. pestis KIM10+	NC_004088.1	1737.333	1750.227	minus
Y. pseudotuberculosis	NC_006155.1	4253.762	4266.702	Y. pestis KIM10+	NC_004088.1	225.308	238.208	plus
Y. pseudotuberculosis	NC_006155.1	1284.327	1297.457	Y. pestis KIM10+	NC_004088.1	1291.601	1304.691	plus
Y. pseudotuberculosis	NC_006155.1	1497.619	1510.343	Y. pestis KIM10+	NC_004088.1	3264.402	3277.107	minus
Y. pseudotuberculosis	NC_006155.1	2708.585	2721.329	Y. pestis KIM10+	NC_004088.1	2145.268	2158.029	minus
Y. pseudotuberculosis	NC_006155.1	3404.52	3417.278	Y. pestis KIM10+	NC_004088.1	1445.856	1458.592	minus
Y. pseudotuberculosis	NC_006155.1	26.04	38.645	Y. pestis KIM10+	NC_004088.1	4219.542	4232.123	minus
Y. pseudotuberculosis	NC_006155.1	1113.719	1126.253	Y. pestis KIM10+	NC_004088.1	1114.046	1126.542	plus
Y. pseudotuberculosis	NC_006155.1	317.456	329.832	Y. pestis KIM10+	NC_004088.1	519.424	531.797	plus
Y. pseudotuberculosis	NC_006155.1	1344.638	1357.04	Y. pestis KIM10+	NC_004088.1	1352.547	1364.918	plus
Y. pseudotuberculosis	NC_006155.1	344.543	356.916	Y. pestis KIM10+	NC_004088.1	549.178	561.552	plus
Y. pseudotuberculosis	NC_006155.1	869.951	882.599	Y. pestis KIM10+	NC_004088.1	872.461	885.058	plus
Y. pseudotuberculosis	NC_006155.1	1011.984	1024.241	Y. pestis KIM10+	NC_004088.1	1017.618	1029.873	plus
Y. pseudotuberculosis	NC_006155.1	1231.384	1243.853	Y. pestis KIM10+	NC_004088.1	1234.902	1247.351	plus
Y. pseudotuberculosis	NC_006155.1	4533.195	4545.362	Y. pestis KIM10+	NC_004088.1	4300.698	4312.865	minus
Y. pseudotuberculosis	NC_006155.1	3626.729	3638.821	Y. pestis KIM10+	NC_004088.1	3538.657	3550.728	plus
Y. pseudotuberculosis	NC_006155.1	4466.114	4478.153	Y. pestis KIM10+	NC_004088.1	4361.799	4373.844	minus
Y. pseudotuberculosis	NC_006155.1	2570.96	2582.999	Y. pestis KIM10+	NC_004088.1	2318.315	2330.355	plus
Y. pseudotuberculosis	NC_006155.1	3638.983	3650.783	Y. pestis KIM10+	NC_004088.1	3550.703	3562.503	plus
Y. pseudotuberculosis	NC_006155.1	2538.783	2550.525	Y. pestis KIM10+	NC_004088.1	2290.766	2302.524	plus
Y. pseudotuberculosis	NC_006155.1	4595.864	4607.569	Y. pestis KIM10+	NC_004088.1	4468.783	4480.51	plus
Y. pseudotuberculosis	NC_006155.1	275.884	287.727	Y. pestis KIM10+	NC_004088.1	477.335	489.178	plus
Y. pseudotuberculosis	NC_006155.1	2353.92	2365.597	Y. pestis KIM10+	NC_004088.1	2523.144	2534.804	minus
Y. pseudotuberculosis	NC_006155.1	3185.877	3197.722	Y. pestis KIM10+	NC_004088.1	1662.361	1674.251	minus
Y. pseudotuberculosis	NC_006155.1	192.023	203.503	Y. pestis KIM10+	NC_004088.1	395.227	406.707	plus
Y. pseudotuberculosis	NC_006155.1	684.151	695.845	Y. pestis KIM10+	NC_004088.1	4151.988	4163.631	minus
Y. pseudotuberculosis	NC_006155.1	3311.202	3322.498	Y. pestis KIM10+	NC_004088.1	1541.035	1552.33	minus
Y. pseudotuberculosis	NC_006155.1	203.539	214.829	Y. pestis KIM10+	NC_004088.1	406.692	417.965	plus
Y. pseudotuberculosis	NC_006155.1	2640.794	2652.114	Y. pestis KIM10+	NC_004088.1	2210.586	2221.891	minus
Y. pseudotuberculosis	NC_006155.1	3007.82	3019.416	Y. pestis KIM10+	NC_004088.1	1845.991	1857.584	minus
Y. pseudotuberculosis	NC_006155.1	2554.581	2565.731	Y. pestis KIM10+	NC_004088.1	2306.398	2317.549	plus
Y. pseudotuberculosis	NC_006155.1	1525.069	1536.004	Y. pestis KIM10+	NC_004088.1	3238.0	3248.938	minus
Y. pseudotuberculosis	NC_006155.1	1243.842	1254.578	Y. pestis KIM10+	NC_004088.1	1248.049	1258.774	plus
Y. pseudotuberculosis	NC_006155.1	1402.671	1413.359	Y. pestis KIM10+	NC_004088.1	3335.915	3346.603	minus
Y. pseudotuberculosis	NC_006155.1	1267.085	1277.843	Y. pestis KIM10+	NC_004088.1	1272.695	1283.469	plus
Y. pseudotuberculosis	NC_006155.1	3066.863	3077.643	Y. pestis KIM10+	NC_004088.1	1786.385	1797.133	minus
Y. pseudotuberculosis	NC_006155.1	2914.412	2925.042	Y. pestis KIM10+	NC_004088.1	1932.386	1943.016	minus
Y. pseudotuberculosis	NC_006155.1	1254.572	1265.183	Y. pestis KIM10+	NC_004088.1	1260.727	1271.38	plus
Y. pseudotuberculosis	NC_006155.1	1611.721	1622.031	Y. pestis KIM10+	NC_004088.1	3151.9	3162.207	minus
Y. pseudotuberculosis	NC_006155.1	3200.87	3211.26	Y. pestis KIM10+	NC_004088.1	1648.641	1659.0	minus
Y. pseudotuberculosis	NC_006155.1	1678.346	1688.497	Y. pestis KIM10+	NC_004088.1	3082.806	3092.958	minus
Y. pseudotuberculosis	NC_006155.1	4478.042	4488.185	Y. pestis KIM10+	NC_004088.1	4351.628	4361.774	minus
Y. pseudotuberculosis	NC_006155.1	859.674	869.835	Y. pestis KIM10+	NC_004088.1	862.331	872.499	plus
Y. pseudotuberculosis	NC_006155.1	664.215	674.255	Y. pestis KIM10+	NC_004088.1	4173.141	4183.181	minus
Y. pseudotuberculosis	NC_006155.1	4545.356	4555.74	Y. pestis KIM10+	NC_004088.1	4289.644	4299.994	minus
Y. pestis CO92	NC_003143.1	1335.251	1502.74	Y. pestis KIM10+	NC_004088.1	3144.99	3312.503	minus
Y. pestis CO92	NC_003143.1	3275.086	3428.421	Y. pestis KIM10+	NC_004088.1	1566.231	1719.622	minus
Y. pestis CO92	NC_003143.1	865.709	1013.512	Y. pestis KIM10+	NC_004088.1	3495.725	3643.52	plus
Y. pestis CO92	NC_003143.1	4280.838	4418.956	Y. pestis KIM10+	NC_004088.1	326.73	464.874	minus
Y. pestis CO92	NC_003143.1	4000.716	4134.759	Y. pestis KIM10+	NC_004088.1	168.522	302.587	minus
Y. pestis CO92	NC_003143.1	4520.043	4653.728	Y. pestis KIM10+	NC_004088.1	4466.829	4600.506	plus
Y. pestis CO92	NC_003143.1	1015.466	1147.887	Y. pestis KIM10+	NC_004088.1	3643.515	3775.961	plus
Y. pestis CO92	NC_003143.1	2117.88	2238.526	Y. pestis KIM10+	NC_004088.1	2578.276	2698.911	minus
Y. pestis CO92	NC_003143.1	573.138	693.714	Y. pestis KIM10+	NC_004088.1	3926.824	4047.422	minus
Y. pestis CO92	NC_003143.1	1173.652	1278.062	Y. pestis KIM10+	NC_004088.1	3356.763	3461.14	minus
Y. pestis CO92	NC_003143.1	468.561	571.184	Y. pestis KIM10+	NC_004088.1	4047.417	4150.036	minus
Y. pestis CO92	NC_003143.1	4178.857	4280.895	Y. pestis KIM10+	NC_004088.1	464.853	566.857	minus
Y. pestis CO92	NC_003143.1	3852.128	3952.334	Y. pestis KIM10+	NC_004088.1	726.407	826.637	minus
Y. pestis CO92	NC_003143.1	2296.815	2390.28	Y. pestis KIM10+	NC_004088.1	2429.202	2522.704	minus
Y. pestis CO92	NC_003143.1	1633.85	1726.579	Y. pestis KIM10+	NC_004088.1	2921.069	3013.774	minus
Y. pestis CO92	NC_003143.1	3743.968	3832.927	Y. pestis KIM10+	NC_004088.1	845.613	934.583	minus
Y. pestis CO92	NC_003143.1	3576.672	3662.533	Y. pestis KIM10+	NC_004088.1	1016.029	1101.901	minus
Y. pestis CO92	NC_003143.1	1845.97	1928.502	Y. pestis KIM10+	NC_004088.1	1961.279	2043.811	plus
Y. pestis CO92	NC_003143.1	1736.535	1808.313	Y. pestis KIM10+	NC_004088.1	2841.315	2913.045	minus
Y. pestis CO92	NC_003143.1	2450.173	2520.46	Y. pestis KIM10+	NC_004088.1	2226.408	2296.731	plus
Y. pestis CO92	NC_003143.1	2051.776	2117.915	Y. pestis KIM10+	NC_004088.1	2698.912	2765.082	minus
Y. pestis CO92	NC_003143.1	2984.719	3048.934	Y. pestis KIM10+	NC_004088.1	1379.635	1443.864	plus
Y. pestis CO92	NC_003143.1	127.107	190.05	Y. pestis KIM10+	NC_004088.1	4350.187	4413.113	plus
Y. pestis CO92	NC_003143.1	695.664	757.475	Y. pestis KIM10+	NC_004088.1	3865.056	3926.833	minus
Y. pestis CO92	NC_003143.1	3682.603	3743.999	Y. pestis KIM10+	NC_004088.1	934.584	995.975	minus
Y. pestis CO92	NC_003143.1	2390.984	2452.152	Y. pestis KIM10+	NC_004088.1	2368.043	2429.208	minus
Y. pestis CO92	NC_003143.1	39.269	100.271	Y. pestis KIM10+	NC_004088.1	61.108	122.106	minus
Y. pestis CO92	NC_003143.1	3484.448	3542.387	Y. pestis KIM10+	NC_004088.1	1135.341	1193.28	minus
Y. pestis CO92	NC_003143.1	1994.511	2052.189	Y. pestis KIM10+	NC_004088.1	2764.525	2822.204	minus
Y. pestis CO92	NC_003143.1	4421.269	4477.835	Y. pestis KIM10+	NC_004088.1	4291.247	4347.781	minus
Y. pestis CO92	NC_003143.1	401.047	456.952	Y. pestis KIM10+	NC_004088.1	4163.637	4219.542	minus
Y. pestis CO92	NC_003143.1	192.004	247.679	Y. pestis KIM10+	NC_004088.1	4413.108	4468.783	plus
Y. pestis CO92	NC_003143.1	2238.526	2293.706	Y. pestis KIM10+	NC_004088.1	2523.144	2578.308	minus
Y. pestis CO92	NC_003143.1	3153.098	3208.246	Y. pestis KIM10+	NC_004088.1	1511.78	1566.947	minus
Y. pestis CO92	NC_003143.1	3427.705	3482.498	Y. pestis KIM10+	NC_004088.1	1193.273	1248.059	minus
Y. pestis CO92	NC_003143.1	245.718	300.41	Y. pestis KIM10+	NC_004088.1	572.55	627.241	plus
Y. pestis CO92	NC_003143.1	2605.149	2658.025	Y. pestis KIM10+	NC_004088.1	2168.972	2221.891	minus
Y. pestis CO92	NC_003143.1	1554.78	1607.093	Y. pestis KIM10+	NC_004088.1	3040.636	3092.958	minus
Y. pestis CO92	NC_003143.1	2694.631	2746.84	Y. pestis KIM10+	NC_004088.1	2087.417	2139.626	minus
Y. pestis CO92	NC_003143.1	1504.694	1554.787	Y. pestis KIM10+	NC_004088.1	3094.91	3144.995	minus
Y. pestis CO92	NC_003143.1	2801.672	2851.471	Y. pestis KIM10+	NC_004088.1	1820.697	1870.497	minus
Y. pestis CO92	NC_003143.1	2896.593	2946.292	Y. pestis KIM10+	NC_004088.1	1292.762	1342.424	plus
Y. pestis CO92	NC_003143.1	3950.38	3998.764	Y. pestis KIM10+	NC_004088.1	120.156	168.528	plus
Y. pestis CO92	NC_003143.1	1928.488	1973.427	Y. pestis KIM10+	NC_004088.1	2043.829	2088.732	plus
Y. pestis CO92	NC_003143.1	322.212	366.839	Y. pestis KIM10+	NC_004088.1	648.361	692.987	plus
Y. pestis CO92	NC_003143.1	4477.848	4521.997	Y. pestis KIM10+	NC_004088.1	4247.127	4291.27	minus
Y. pestis CO92	NC_003143.1	2946.216	2982.276	Y. pestis KIM10+	NC_004088.1	1342.506	1378.599	plus
Y. pestis CO92	NC_003143.1	3118.571	3153.814	Y. pestis KIM10+	NC_004088.1	1247.343	1282.586	minus
Y. pestis CO92	NC_003143.1	2853.018	2887.091	Y. pestis KIM10+	NC_004088.1	1785.07	1819.15	minus
Y. pestis CO92	NC_003143.1	2520.288	2554.178	Y. pestis KIM10+	NC_004088.1	2296.676	2330.54	plus
Y. pestis CO92	NC_003143.1	825.303	858.89	Y. pestis KIM10+	NC_004088.1	3773.996	3807.551	minus
Y. pestis CO92	NC_003143.1	4137.637	4169.758	Y. pestis KIM10+	NC_004088.1	22.471	54.622	minus
Y. pestis CO92	NC_003143.1	2568.166	2599.611	Y. pestis KIM10+	NC_004088.1	2336.598	2368.044	plus
Y. pestis CO92	NC_003143.1	1280.015	1310.765	Y. pestis KIM10+	NC_004088.1	3326.041	3356.769	minus
Y. pestis CO92	NC_003143.1	2771.483	2801.612	Y. pestis KIM10+	NC_004088.1	1870.487	1900.617	minus
Y. pestis CO92	NC_003143.1	12.057	41.23	Y. pestis KIM10+	NC_004088.1	4217.581	4246.765	minus
Y. pestis CO92	NC_003143.1	1607.058	1633.867	Y. pestis KIM10+	NC_004088.1	3013.827	3040.635	minus
Y. pestis CO92	NC_003143.1	1147.882	1173.656	Y. pestis KIM10+	NC_004088.1	3463.095	3488.869	minus
Y. pestis CO92	NC_003143.1	1818.731	1844.022	Y. pestis KIM10+	NC_004088.1	1935.999	1961.291	plus
Y. pestis CO92	NC_003143.1	2745.524	2769.501	Y. pestis KIM10+	NC_004088.1	1902.328	1926.306	minus
Y. pestis CO92	NC_003143.1	379.433	403.001	Y. pestis KIM10+	NC_004088.1	704.793	728.361	plus
Y. pestis CO92	NC_003143.1	3058.222	3081.623	Y. pestis KIM10+	NC_004088.1	1726.776	1750.227	plus
Y. pestis CO92	NC_003143.1	3252.671	3275.086	Y. pestis KIM10+	NC_004088.1	1443.859	1466.274	minus
Y. pestis CO92	NC_003143.1	757.466	779.858	Y. pestis KIM10+	NC_004088.1	3843.365	3865.775	minus
Y. pestis CO92	NC_003143.1	3208.249	3230.055	Y. pestis KIM10+	NC_004088.1	1489.989	1511.809	minus
Y. pestis CO92	NC_003143.1	301.105	322.254	Y. pestis KIM10+	NC_004088.1	627.225	648.368	plus
Y. pestis CO92	NC_003143.1	107.532	128.564	Y. pestis KIM10+	NC_004088.1	307.191	328.189	plus
Y. pestis CO92	NC_003143.1	1972.112	1992.559	Y. pestis KIM10+	NC_004088.1	2822.197	2842.631	minus
Y. pestis CO92	NC_003143.1	3099.016	3118.572	Y. pestis KIM10+	NC_004088.1	1766.845	1786.385	plus
Y. pestis CO92	NC_003143.1	3832.846	3851.946	Y. pestis KIM10+	NC_004088.1	826.522	845.622	minus
Y. pestis CO92	NC_003143.1	3664.648	3682.45	Y. pestis KIM10+	NC_004088.1	996.112	1013.914	minus
Y. pestis CO92	NC_003143.1	0.25	17.41	Y. pestis KIM10+	NC_004088.1	0.0	17.16	plus
Y. pestis CO92	NC_003143.1	3557.361	3574.42	Y. pestis KIM10+	NC_004088.1	1102.061	1119.119	minus
Y. pestis CO92	NC_003143.1	3081.598	3098.311	Y. pestis KIM10+	NC_004088.1	1750.138	1766.85	plus
Y. pestis CO92	NC_003143.1	2676.229	2692.096	Y. pestis KIM10+	NC_004088.1	2142.162	2158.029	minus
Y. pestis CO92	NC_003143.1	3542.382	3556.657	Y. pestis KIM10+	NC_004088.1	1119.112	1133.387	minus
Y. pestis CO92	NC_003143.1	1321.119	1335.286	Y. pestis KIM10+	NC_004088.1	3312.594	3326.761	minus
Y. pestis CO92	NC_003143.1	3230.067	3242.635	Y. pestis KIM10+	NC_004088.1	1477.589	1490.139	minus
Y. pestis CO92	NC_003143.1	456.916	468.568	Y. pestis KIM10+	NC_004088.1	4151.988	4163.641	minus
Y. pestis CO92	NC_003143.1	786.005	796.634	Y. pestis KIM10+	NC_004088.1	3827.255	3837.875	minus
Y. pestis CO92	NC_003143.1	818.241	829.379	Y. pestis KIM10+	NC_004088.1	3807.898	3819.039	minus
