source_header	target_rank	signed_reference_block
Agam-3L:2L	1	4
Agam-3L:2L	2	-3
Agam-3L:2L	3	2
Agam-3L:2L	4	-1
Agam-3L:2L	5	12
Agam-3L:2L	6	13
Agam-3L:2L	7	14
Agam-3L:2L	8	-11
Agam-3L:2L	9	-10
Agam-3L:2L	10	23
Agam-3L:2L	11	24
Agam-3L:2L	12	25
Agam-3L:2L	13	31
Agam-3L:2L	14	-42
Agam-3L:2L	15	20
Agam-3L:2L	16	22
Agam-3L:2L	17	-9
Agam-3L:2L	18	28
Agam-3L:2L	19	-29
Agam-3L:2L	20	30
Agam-3L:2L	21	26
Agam-3L:2L	22	21
Agam-3L:2L	23	19
Agam-3L:2L	24	18
Agam-3L:2L	25	-17
Agam-3L:2L	26	-16
Agam-3L:2L	27	-15
Agam-3L:2L	28	-5
Agam-3L:2L	29	6
Agam-3L:2L	30	7
Agam-3L:2L	31	8
Agam-3L:2L	32	-27
Agam-3L:2L	33	-41
Agam-3L:2L	34	-40
Agam-3L:2L	35	-39
Agam-3L:2L	36	-38
Agam-3L:2L	37	-37
Agam-3L:2L	38	-36
Agam-3L:2L	39	-35
Agam-3L:2L	40	-34
Agam-3L:2L	41	-33
Agam-3L:2L	42	-32
Agam-2R:2R	1	1
Agam-2R:2R	2	2
Agam-2R:2R	3	3
Agam-2R:2R	4	4
Agam-2R:2R	5	5
Agam-2R:2R	6	6
Agam-2R:2R	7	7
Agam-2R:2R	8	-12
Agam-2R:2R	9	42
Agam-2R:2R	10	-11
Agam-2R:2R	11	-10
Agam-2R:2R	12	-9
Agam-2R:2R	13	-22
Agam-2R:2R	14	-21
Agam-2R:2R	15	-20
Agam-2R:2R	16	-19
Agam-2R:2R	17	-23
Agam-2R:2R	18	-8
Agam-2R:2R	19	13
Agam-2R:2R	20	30
Agam-2R:2R	21	-62
Agam-2R:2R	22	33
Agam-2R:2R	23	34
Agam-2R:2R	24	-46
Agam-2R:2R	25	-45
Agam-2R:2R	26	43
Agam-2R:2R	27	41
Agam-2R:2R	28	-25
Agam-2R:2R	29	-24
Agam-2R:2R	30	58
Agam-2R:2R	31	59
Agam-2R:2R	32	49
Agam-2R:2R	33	65
Agam-2R:2R	34	54
Agam-2R:2R	35	-47
Agam-2R:2R	36	35
Agam-2R:2R	37	36
Agam-2R:2R	38	37
Agam-2R:2R	39	-77
Agam-2R:2R	40	-76
Agam-2R:2R	41	-75
Agam-2R:2R	42	-74
Agam-2R:2R	43	18
Agam-2R:2R	44	16
Agam-2R:2R	45	17
Agam-2R:2R	46	-15
Agam-2R:2R	47	-14
Agam-2R:2R	48	-29
Agam-2R:2R	49	-28
Agam-2R:2R	50	-27
Agam-2R:2R	51	-56
Agam-2R:2R	52	48
Agam-2R:2R	53	60
Agam-2R:2R	54	61
Agam-2R:2R	55	-32
Agam-2R:2R	56	-31
Agam-2R:2R	57	63
Agam-2R:2R	58	64
Agam-2R:2R	59	50
Agam-2R:2R	60	51
Agam-2R:2R	61	52
Agam-2R:2R	62	-40
Agam-2R:2R	63	-39
Agam-2R:2R	64	-38
Agam-2R:2R	65	73
Agam-2R:2R	66	-57
Agam-2R:2R	67	-26
Agam-2R:2R	68	72
Agam-2R:2R	69	-90
Agam-2R:2R	70	87
Agam-2R:2R	71	88
Agam-2R:2R	72	82
Agam-2R:2R	73	-67
Agam-2R:2R	74	-66
Agam-2R:2R	75	-53
Agam-2R:2R	76	55
Agam-2R:2R	77	93
Agam-2R:2R	78	104
Agam-2R:2R	79	71
Agam-2R:2R	80	-86
Agam-2R:2R	81	-85
Agam-2R:2R	82	-84
Agam-2R:2R	83	-83
Agam-2R:2R	84	68
Agam-2R:2R	85	79
Agam-2R:2R	86	-80
Agam-2R:2R	87	81
Agam-2R:2R	88	89
Agam-2R:2R	89	-92
Agam-2R:2R	90	-91
Agam-2R:2R	91	-44
Agam-2R:2R	92	78
Agam-2R:2R	93	69
Agam-2R:2R	94	70
Agam-2R:2R	95	-98
Agam-2R:2R	96	-97
Agam-2R:2R	97	-96
Agam-2R:2R	98	-95
Agam-2R:2R	99	-94
Agam-2R:2R	100	-103
Agam-2R:2R	101	102
Agam-2R:2R	102	-101
Agam-2R:2R	103	100
Agam-2R:2R	104	-99
Agam-2L:3L	1	-5
Agam-2L:3L	2	4
Agam-2L:3L	3	-3
Agam-2L:3L	4	2
Agam-2L:3L	5	-1
Agam-2L:3L	6	9
Agam-2L:3L	7	18
Agam-2L:3L	8	41
Agam-2L:3L	9	32
Agam-2L:3L	10	15
Agam-2L:3L	11	-28
Agam-2L:3L	12	-27
Agam-2L:3L	13	21
Agam-2L:3L	14	-10
Agam-2L:3L	15	-16
Agam-2L:3L	16	-47
Agam-2L:3L	17	-46
Agam-2L:3L	18	-39
Agam-2L:3L	19	-49
Agam-2L:3L	20	-45
Agam-2L:3L	21	44
Agam-2L:3L	22	17
Agam-2L:3L	23	-8
Agam-2L:3L	24	6
Agam-2L:3L	25	7
Agam-2L:3L	26	-11
Agam-2L:3L	27	22
Agam-2L:3L	28	30
Agam-2L:3L	29	31
Agam-2L:3L	30	-38
Agam-2L:3L	31	40
Agam-2L:3L	32	19
Agam-2L:3L	33	-20
Agam-2L:3L	34	-26
Agam-2L:3L	35	-25
Agam-2L:3L	36	-24
Agam-2L:3L	37	-23
Agam-2L:3L	38	36
Agam-2L:3L	39	37
Agam-2L:3L	40	-48
Agam-2L:3L	41	29
Agam-2L:3L	42	-35
Agam-2L:3L	43	-34
Agam-2L:3L	44	-33
Agam-2L:3L	45	-14
Agam-2L:3L	46	-13
Agam-2L:3L	47	-12
Agam-2L:3L	48	-43
Agam-2L:3L	49	-42
Agam-2L:3L	50	50
Agam-2L:3L	51	51
Agam-2L:3L	52	52
Agam-2L:3L	53	53
Agam-2L:3L	54	54
Agam-2L:3L	55	55
Agam-2L:3L	56	56
Agam-2L:3L	57	57
Agam-2L:3L	58	58
Agam-2L:3L	59	-63
Agam-2L:3L	60	-62
Agam-2L:3L	61	-61
Agam-2L:3L	62	-60
Agam-2L:3L	63	-59
Agam-2L:3L	64	64
Agam-3R:3R	1	-6
Agam-3R:3R	2	-5
Agam-3R:3R	3	-4
Agam-3R:3R	4	1
Agam-3R:3R	5	-3
Agam-3R:3R	6	-2
Agam-3R:3R	7	7
Agam-3R:3R	8	84
Agam-3R:3R	9	85
Agam-3R:3R	10	8
Agam-3R:3R	11	86
Agam-3R:3R	12	87
Agam-3R:3R	13	9
Agam-3R:3R	14	88
Agam-3R:3R	15	10
Agam-3R:3R	16	89
Agam-3R:3R	17	90
Agam-3R:3R	18	11
Agam-3R:3R	19	12
Agam-3R:3R	20	13
Agam-3R:3R	21	14
Agam-3R:3R	22	91
Agam-3R:3R	23	15
Agam-3R:3R	24	92
Agam-3R:3R	25	16
Agam-3R:3R	26	93
Agam-3R:3R	27	17
Agam-3R:3R	28	94
Agam-3R:3R	29	18
Agam-3R:3R	30	95
Agam-3R:3R	31	19
Agam-3R:3R	32	20
Agam-3R:3R	33	83
Agam-3R:3R	34	21
Agam-3R:3R	35	22
Agam-3R:3R	36	23
Agam-3R:3R	37	24
Agam-3R:3R	38	-29
Agam-3R:3R	39	-28
Agam-3R:3R	40	25
Agam-3R:3R	41	-27
Agam-3R:3R	42	26
Agam-3R:3R	43	-31
Agam-3R:3R	44	-30
Agam-3R:3R	45	-33
Agam-3R:3R	46	46
Agam-3R:3R	47	47
Agam-3R:3R	48	35
Agam-3R:3R	49	55
Agam-3R:3R	50	56
Agam-3R:3R	51	57
Agam-3R:3R	52	97
Agam-3R:3R	53	-44
Agam-3R:3R	54	-43
Agam-3R:3R	55	80
Agam-3R:3R	56	81
Agam-3R:3R	57	82
Agam-3R:3R	58	-42
Agam-3R:3R	59	48
Agam-3R:3R	60	-50
Agam-3R:3R	61	-49
Agam-3R:3R	62	-59
Agam-3R:3R	63	-58
Agam-3R:3R	64	-65
Agam-3R:3R	65	-64
Agam-3R:3R	66	66
Agam-3R:3R	67	-60
Agam-3R:3R	68	-79
Agam-3R:3R	69	-78
Agam-3R:3R	70	-98
Agam-3R:3R	71	45
Agam-3R:3R	72	-32
Agam-3R:3R	73	38
Agam-3R:3R	74	34
Agam-3R:3R	75	-41
Agam-3R:3R	76	-40
Agam-3R:3R	77	-39
Agam-3R:3R	78	-37
Agam-3R:3R	79	-36
Agam-3R:3R	80	-54
Agam-3R:3R	81	-53
Agam-3R:3R	82	52
Agam-3R:3R	83	-51
Agam-3R:3R	84	-63
Agam-3R:3R	85	-62
Agam-3R:3R	86	-61
Agam-3R:3R	87	67
Agam-3R:3R	88	68
Agam-3R:3R	89	69
Agam-3R:3R	90	70
Agam-3R:3R	91	71
Agam-3R:3R	92	96
Agam-3R:3R	93	-77
Agam-3R:3R	94	-76
Agam-3R:3R	95	-75
Agam-3R:3R	96	-74
Agam-3R:3R	97	-73
Agam-3R:3R	98	-72
Agam-3R:3R	99	-101
Agam-3R:3R	100	-100
Agam-3R:3R	101	-99
Agam-3R:3R	102	102
Agam-3R:3R	103	103
Agam-3R:3R	104	104
Agam-X:X	1	-33
Agam-X:X	2	54
Agam-X:X	3	-28
Agam-X:X	4	-64
Agam-X:X	5	32
Agam-X:X	6	-5
Agam-X:X	7	4
Agam-X:X	8	-18
Agam-X:X	9	-10
Agam-X:X	10	50
Agam-X:X	11	48
Agam-X:X	12	-59
Agam-X:X	13	-16
Agam-X:X	14	-30
Agam-X:X	15	-29
Agam-X:X	16	-39
Agam-X:X	17	60
Agam-X:X	18	58
Agam-X:X	19	-57
Agam-X:X	20	-56
Agam-X:X	21	-44
Agam-X:X	22	-43
Agam-X:X	23	-7
Agam-X:X	24	-25
Agam-X:X	25	27
Agam-X:X	26	65
Agam-X:X	27	63
Agam-X:X	28	-66
Agam-X:X	29	-62
Agam-X:X	30	-20
Agam-X:X	31	34
Agam-X:X	32	-19
Agam-X:X	33	22
Agam-X:X	34	23
Agam-X:X	35	24
Agam-X:X	36	-26
Agam-X:X	37	-6
Agam-X:X	38	-53
Agam-X:X	39	-45
Agam-X:X	40	-55
Agam-X:X	41	51
Agam-X:X	42	-21
Agam-X:X	43	-37
Agam-X:X	44	-36
Agam-X:X	45	-35
Agam-X:X	46	40
Agam-X:X	47	-41
Agam-X:X	48	-42
Agam-X:X	49	2
Agam-X:X	50	-49
Agam-X:X	51	-38
Agam-X:X	52	-47
Agam-X:X	53	-46
Agam-X:X	54	-52
Agam-X:X	55	-14
Agam-X:X	56	13
Agam-X:X	57	-12
Agam-X:X	58	61
Agam-X:X	59	-11
Agam-X:X	60	17
Agam-X:X	61	3
Agam-X:X	62	-31
Agam-X:X	63	-15
Agam-X:X	64	-9
Agam-X:X	65	8
Agam-X:X	66	-1
